campaignid,sample,latitude,longitude,date,time.bottom,site,location,visibility,image,fov.Limited,fov.Open,mean.relief,sd.relief,broad.Consolidated,broad.Macroalgae,broad.Seagrasses,broad.Sponges,broad.Stony corals,broad.Unconsolidated,broad.Unknown,Total.Sum
2021-04_FRDC_BOSS,C531,-32.76659665,115.5525567,7/04/2021,7:09:57,Mandurah,Perth,Good,Top,0,100,2.94,0.239897937,0,70,0,0,0,2,5,77
2021-04_FRDC_BOSS,C547,-32.76324364,115.5633417,7/04/2021,7:23:47,Mandurah,Perth,Good,Top,0,100,2.961538462,0.194183909,0,73,0,0,0,1,6,80
2021-04_FRDC_BOSS,C563,-32.76636044,115.5660562,7/04/2021,7:32:17,Mandurah,Perth,Good,Top,0,100,0.618181818,0.560783483,0,9,0,0,0,66,0,75
2021-04_FRDC_BOSS,C539,-32.76821772,115.568033,7/04/2021,7:48:52,Mandurah,Perth,Good,Top,0,100,1.12,0.328260723,0,10,0,0,0,68,0,78
2021-04_FRDC_BOSS,C527,-32.78049273,115.5637257,7/04/2021,8:05:29,Mandurah,Perth,Good,Top,0,100,0.966666667,0.181020335,0,15,0,0,0,64,0,79
2021-04_FRDC_BOSS,C543,-32.78180705,115.5719847,7/04/2021,8:16:40,Mandurah,Perth,Good,Top,0,100,2.966666667,0.181020335,0,78,0,0,0,2,0,80
2021-04_FRDC_BOSS,C516,-32.78580484,115.5784373,7/04/2021,8:25:37,Mandurah,Perth,Good,Top,0,100,3,0,0,76,0,0,0,0,1,77
2021-04_FRDC_BOSS,C514,-32.78854957,115.585758,7/04/2021,8:34:52,Mandurah,Perth,Good,Top,0,100,2.960784314,0.196039212,0,23,37,0,0,1,8,69
2021-04_FRDC_BOSS,C512,-32.77082479,115.5822387,7/04/2021,8:46:53,Mandurah,Perth,Good,Top,0,100,2.916666667,0.278717807,0,78,0,0,0,0,0,78
2021-04_FRDC_BOSS,C503,-32.77256581,115.587531,7/04/2021,8:54:51,Mandurah,Perth,Good,Top,0,100,1.583333333,0.743141902,0,0,45,0,0,29,5,79
2021-04_FRDC_BOSS,C557,-32.77715895,115.5913896,7/04/2021,9:06:16,Mandurah,Perth,Good,Top,0,100,0.74137931,0.663862827,0,0,36,0,0,44,0,80
2021-04_FRDC_BOSS,C518,-32.77374556,115.5998587,7/04/2021,9:16:45,Mandurah,Perth,Good,Top,0,100,2.152542373,0.886946706,0,0,52,0,0,27,1,80
2021-04_FRDC_BOSS,C522,-32.78234333,115.6084667,7/04/2021,9:27:09,Mandurah,Perth,Good,Top,0,100,2.927272727,0.325152127,0,0,64,0,0,4,7,75
2021-04_FRDC_BOSS,C507,-32.79069333,115.6062517,7/04/2021,9:37:35,Mandurah,Perth,Good,Bottom,0,100,3,0,0,23,19,0,0,0,16,58
2021-04_FRDC_BOSS,C560,-32.78541033,115.6260875,7/04/2021,9:50:19,Mandurah,Perth,Good,Bottom,0,100,0,0,0,0,0,0,0,56,0,56
2021-04_FRDC_BOSS,C502,-32.77867667,115.6246683,7/04/2021,10:00:39,Mandurah,Perth,Good,Bottom,0,100,0,0,0,0,0,0,0,73,0,73
2021-04_FRDC_BOSS,C534,-32.76245833,115.6164933,7/04/2021,10:12:16,Mandurah,Perth,Good,Bottom,0,100,0.05,0.220721428,0,0,0,0,0,54,0,54
2021-04_FRDC_BOSS,C550,-32.76053,115.6094833,7/04/2021,10:20:44,Mandurah,Perth,Good,Bottom,0,100,3,0,0,3,59,0,0,0,6,68
2021-04_FRDC_BOSS,C517,-32.75558,115.6198167,7/04/2021,10:30:59,Mandurah,Perth,Good,Bottom,0,100,0.023809524,0.15430335,0,0,0,0,0,63,0,63
2021-04_FRDC_BOSS,C549,-32.750035,115.616995,7/04/2021,10:39:30,Mandurah,Perth,Good,Bottom,0,100,0.625,0.627877989,0,4,0,0,0,51,6,61
2021-04_FRDC_BOSS,C533,-32.75502833,115.6026583,7/04/2021,10:50:17,Mandurah,Perth,Good,Bottom,0,100,2.976744186,0.15249857,0,3,51,0,0,2,5,61
2021-04_FRDC_BOSS,C561,-32.75841,115.589025,7/04/2021,11:12:24,Mandurah,Perth,Good,Top,0,100,0.05,0.219784178,0,0,0,0,0,80,0,80
2021-04_FRDC_BOSS,C504,-32.753605,115.5791817,7/04/2021,11:22:47,Mandurah,Perth,Good,Top,0,100,2.05,1.170614788,0,38,0,0,0,40,0,78
2021-04_FRDC_BOSS,C555,-32.75919667,115.5720367,7/04/2021,11:32:20,Mandurah,Perth,Good,Top,0,100,3,0,0,61,0,0,0,0,11,72
2021-04_FRDC_BOSS,C523,-32.749195,115.5514483,7/04/2021,11:45:44,Mandurah,Perth,Good,Top,0,100,2.978723404,0.145864991,0,67,0,0,0,0,2,69
2021-04_FRDC_BOSS,C562,-32.731935,115.5578683,7/04/2021,11:58:21,Mandurah,Perth,Good,Top,0,100,3,0,0,58,5,0,0,0,4,67
2021-04_FRDC_BOSS,C508,-32.73598,115.569855,7/04/2021,12:08:48,Mandurah,Perth,Good,Top,0,100,0.886792453,0.506130774,0,15,0,0,0,60,5,80
2021-04_FRDC_BOSS,C551,-32.73031833,115.5731167,7/04/2021,12:17:54,Mandurah,Perth,Good,Top,0,100,2.983050847,0.130188911,0,73,0,0,0,1,1,75
2021-04_FRDC_BOSS,C519,-32.74691167,115.5835017,7/04/2021,12:30:02,Mandurah,Perth,Good,Top,0,100,0.5,0.85370578,0,10,0,0,0,70,0,80
2021-04_FRDC_BOSS,C541,-32.741435,115.587285,7/04/2021,12:40:02,Mandurah,Perth,Good,Top,0,100,0,0,0,0,0,0,0,80,0,80
2021-04_FRDC_BOSS,C525,-32.74059,115.5971217,7/04/2021,12:49:03,Mandurah,Perth,Good,Top,0,100,2.022727273,0.150755672,1,63,0,0,0,0,10,74
2021-04_FRDC_BOSS,C537,-32.73974,115.603825,7/04/2021,12:58:24,Mandurah,Perth,Good,Top,0,100,3,0,0,53,15,0,0,1,11,80
2021-04_FRDC_BOSS,C521,-32.73164167,115.6113367,7/04/2021,13:08:10,Mandurah,Perth,Good,Top,0,100,3,0,0,58,0,0,0,0,13,71
2021-04_FRDC_BOSS,C536,-32.72193333,115.610715,7/04/2021,13:17:38,Mandurah,Perth,Good,Top,0,100,3,0,0,59,0,0,0,0,21,80
2021-04_FRDC_BOSS,C552,-32.72100667,115.6065617,7/04/2021,13:25:40,Mandurah,Perth,Good,Top,0,100,1.85,0.879618561,0,0,46,0,0,20,10,76
2021-04_FRDC_BOSS,C553,-32.72549,115.59069,7/04/2021,13:36:39,Mandurah,Perth,Good,Top,0,100,0.280701754,0.559157081,0,1,0,0,0,78,0,79
2021-04_FRDC_BOSS,C556,-32.72013167,115.5894883,7/04/2021,13:44:49,Mandurah,Perth,Good,Top,0,100,3,0,0,16,41,0,0,0,14,71
2021-04_FRDC_BOSS,C513,-32.716015,115.5943133,7/04/2021,14:05:08,Mandurah,Perth,Moderate,Top,1.351351351,98.64864865,3,0,0,53,6,0,0,0,15,74
2021-04_FRDC_BOSS,C515,-32.71587,115.579125,7/04/2021,14:15:41,Mandurah,Perth,Moderate,Top,0,100,2.945454545,0.229183884,0,61,0,0,0,3,7,71
2021-04_FRDC_BOSS,C546,-32.718225,115.56245,7/04/2021,14:26:48,Mandurah,Perth,Good,Top,0,100,2.44,0.732900305,0,2,57,0,0,13,2,74
2021-04_FRDC_BOSS,C530,-32.70577833,115.5735883,7/04/2021,14:39:01,Mandurah,Perth,Good,Top,0,100,0.64,0.749421546,0,2,6,0,0,64,4,76
2021-04_FRDC_BOSS,C520,-32.70640833,115.6119517,7/04/2021,14:53:24,Mandurah,Perth,Moderate,Top,0,100,3,0,0,47,0,0,0,0,21,68
2021-04_FRDC_BOSS,C509,-32.70012667,115.6070517,7/04/2021,15:04:09,Mandurah,Perth,Good,Top,0,100,2.9,0.303045763,0,0,67,0,0,3,3,73
2021-04_FRDC_BOSS,C501,-32.68659667,115.59707,7/04/2021,15:14:56,Mandurah,Perth,Good,Top,0,100,2.586206897,0.701739262,0,12,52,0,0,13,2,79
2021-04_FRDC_BOSS,C548,-32.67551667,115.6060967,7/04/2021,12:25:44,Mandurah,Perth,Good,Top,0,100,3,0,0,77,0,3,0,0,0,80
2021-04_FRDC_BOSS,C505,-32.66743,115.60697,7/04/2021,15:36:37,Mandurah,Perth,Good,Top,0,100,2.7,0.590891312,0,61,0,0,0,13,6,80
2021-04_FRDC_BOSS,C542,-32.66421833,115.5836333,7/04/2021,15:48:31,Mandurah,Perth,Good,Top,0,100,1.5,0.543983793,0,0,18,0,0,54,4,76
2021-04_FRDC_BOSS,C554,-32.68315167,115.5626283,7/04/2021,16:03:27,Mandurah,Perth,Moderate,Top,0,100,3,0,0,44,10,0,0,3,19,76
2021-04_FRDC_BOSS,C526,-32.68116333,115.5704267,7/04/2021,16:12:25,Mandurah,Perth,Moderate,Top,0,100,2.909090909,0.290803363,0,62,0,0,0,0,0,62
2021-04_FRDC_BOSS,C511,-32.68169167,115.5769833,7/04/2021,16:21:45,Mandurah,Perth,Good,Top,0,100,0.044444444,0.208409077,0,1,0,0,0,79,0,80
2021-04_FRDC_BOSS,C558,-32.694255,115.5826567,7/04/2021,16:32:35,Mandurah,Perth,Moderate,Top,0,100,2.957446809,0.204029709,0,29,12,0,0,0,13,54
2021-04_FRDC_BOSS,C634,-32.26994,115.6663633,8/04/2021,7:29:10,Garden Island,Perth,Good,Bottom,0,100,0,0,0,1,0,0,0,57,0,58
2021-04_FRDC_BOSS,C650,-32.25990167,115.6805067,8/04/2021,7:41:22,Garden Island,Perth,Good,Bottom,0,100,0.075,0.266746783,0,0,0,0,0,66,2,68
2021-04_FRDC_BOSS,C622,-32.25616167,115.6805217,8/04/2021,7:49:12,Garden Island,Perth,Moderate,Bottom,0,100,1.319148936,1.252933653,0,39,0,0,0,21,18,78
2021-04_FRDC_BOSS,C654,-32.24847167,115.6637667,8/04/2021,8:00:43,Garden Island,Perth,Moderate,Bottom,0,100,1.125,0.64797515,0,18,0,0,0,41,2,61
2021-04_FRDC_BOSS,C626,-32.25295667,115.651565,8/04/2021,8:10:53,Garden Island,Perth,Moderate,Bottom,0,100,0.05,0.220721428,0,0,0,0,0,62,0,62
2021-04_FRDC_BOSS,C603,-32.25015167,115.6380333,8/04/2021,8:50:45,Garden Island,Perth,Poor,Top,0,100,NA,NA,0,0,0,0,0,46,12,58
2021-04_FRDC_BOSS,C609,-32.24242,115.6210417,8/04/2021,9:02:27,Garden Island,Perth,Moderate,Top,0,100,1.833333333,0.966417231,0,47,0,0,0,19,4,70
2021-04_FRDC_BOSS,C658,-32.23989333,115.6233717,8/04/2021,9:10:12,Garden Island,Perth,Good,Top,0,100,3,0,0,73,0,0,0,0,3,76
2021-04_FRDC_BOSS,C605,-32.23299833,115.622765,8/04/2021,9:19:21,Garden Island,Perth,Good,Top,0,100,3.016949153,0.130188911,0,75,0,0,0,0,1,76
2021-04_FRDC_BOSS,C629,-32.226065,115.6134983,8/04/2021,9:29:28,Garden Island,Perth,Good,Top,0,100,2.836734694,0.425584832,0,59,0,0,0,1,5,65
2021-04_FRDC_BOSS,C645,-32.22161,115.6166183,8/04/2021,9:38:47,Garden Island,Perth,Good,Top,0,100,2.459016393,0.992870762,0,73,0,0,0,7,0,80
2021-04_FRDC_BOSS,C649,-32.222255,115.5972317,8/04/2021,9:51:50,Garden Island,Perth,Good,Top,2.5,97.5,1.49122807,1.037214798,0,30,2,0,0,40,4,76
2021-04_FRDC_BOSS,C601,-32.217025,115.5961417,8/04/2021,10:00:52,Garden Island,Perth,Moderate,Top,0,100,1.612903226,1.284904011,11,11,0,2,0,54,1,79
2021-04_FRDC_BOSS,C617,-32.20925,115.6039683,8/04/2021,10:12:54,Garden Island,Perth,Moderate,Top,0,100,3,0,0,71,0,0,0,0,4,75
2021-04_FRDC_BOSS,C633,-32.20878667,115.614885,8/04/2021,10:23:09,Garden Island,Perth,Moderate,Top,0,100,0.309090909,0.504524979,0,4,0,0,0,76,0,80
2021-04_FRDC_BOSS,C602,-32.22411,115.6317133,8/04/2021,10:39:21,Garden Island,Perth,Good,Top,0,100,0.734693878,0.446071286,0,12,0,0,0,66,2,80
2021-04_FRDC_BOSS,C606,-32.23334,115.6451417,8/04/2021,10:51:28,Garden Island,Perth,Moderate,Top,0,100,0.066666667,0.25226249,0,0,0,0,0,70,0,70
2021-04_FRDC_BOSS,C618,-32.225725,115.65058,8/04/2021,11:00:52,Garden Island,Perth,Good,Top,0,100,0,0,0,0,0,0,0,71,0,71
2021-04_FRDC_BOSS,C625,-32.228,115.6673817,8/04/2021,11:15:14,Garden Island,Perth,Moderate,Top,0,100,3.044776119,0.271518503,0,78,0,0,0,1,0,79
2021-04_FRDC_BOSS,C621,-32.2128,115.6680667,8/04/2021,11:28:53,Garden Island,Perth,Moderate,Top,0,100,3.046875,0.213042026,0,52,0,0,0,1,19,72
2021-04_FRDC_BOSS,C637,-32.210055,115.66674,8/04/2021,11:36:59,Garden Island,Perth,Moderate,Top,0,100,2.174603175,1.157579267,0,54,0,0,0,22,0,76
2021-04_FRDC_BOSS,C639,-32.19705667,115.667405,8/04/2021,11:49:13,Garden Island,Perth,Good,Top,0,100,0,0,0,0,0,0,0,78,0,78
2021-04_FRDC_BOSS,C615,-32.19867667,115.6509433,8/04/2021,12:01:13,Garden Island,Perth,Good,Top,0,100,0.06,0.239897937,0,1,0,0,0,67,0,68
2021-04_FRDC_BOSS,C646,-32.20195667,115.64891,8/04/2021,12:09:05,Garden Island,Perth,Good,Top,0,100,0.075,0.266746783,0,2,0,0,0,78,0,80
2021-04_FRDC_BOSS,C630,-32.21238667,115.6452967,8/04/2021,12:19:34,Garden Island,Perth,Good,Top,0,100,0,0,0,0,0,0,0,78,0,78
2021-04_FRDC_BOSS,C641,-32.20385333,115.631605,8/04/2021,12:30:26,Garden Island,Perth,Good,Top,0,100,1.36,0.562791874,0,37,0,0,0,36,0,73
2021-04_FRDC_BOSS,C659,-32.19605167,115.6352217,8/04/2021,12:41:50,Garden Island,Perth,Good,Top,0,100,0.1,0.30382181,0,2,0,0,0,74,0,76
2021-04_FRDC_BOSS,C608,-32.19635833,115.609915,8/04/2021,12:54:45,Garden Island,Perth,Good,Top,0,100,1.545454545,1.330805685,0,41,0,0,0,39,0,80
2021-04_FRDC_BOSS,C612,-32.19737667,115.58631,8/04/2021,13:10:00,Garden Island,Perth,Good,Top,0,100,1.307692308,0.672672794,0,23,0,0,0,50,3,76
2021-04_FRDC_BOSS,C648,-32.18672167,115.6051267,8/04/2021,13:25:22,Garden Island,Perth,Good,Top,0,100,2.777777778,0.537873755,0,74,0,0,0,3,3,80
2021-04_FRDC_BOSS,C652,-32.17921667,115.6141533,8/04/2021,13:35:14,Garden Island,Perth,Good,Top,0,100,3,0,0,61,0,0,0,0,14,75
2021-04_FRDC_BOSS,C623,-32.184125,115.6623767,8/04/2021,13:57:22,Garden Island,Perth,Moderate,Top,0,100,2.962264151,0.192380248,0,46,0,0,0,0,28,74
2021-04_FRDC_BOSS,C632,-32.17772833,115.65577,8/04/2021,14:09:50,Garden Island,Perth,Moderate,Top,0,100,0.15,0.366347549,0,0,0,0,0,74,0,74
2021-04_FRDC_BOSS,C627,-32.17282333,115.6408767,8/04/2021,14:20:10,Garden Island,Perth,Moderate,Top,0,100,0.557692308,0.607581562,0,9,0,0,0,64,0,73
2021-04_FRDC_BOSS,C651,-32.158,115.654335,8/04/2021,14:32:00,Garden Island,Perth,Moderate,Top,0,100,2.148148148,0.959705289,0,58,0,0,0,17,5,80
2021-04_FRDC_BOSS,C611,-32.15097667,115.6516183,8/04/2021,14:40:26,Garden Island,Perth,Moderate,Top,0,100,2.633333333,0.609714206,0,51,0,0,0,5,4,60
2021-04_FRDC_BOSS,C635,-32.146825,115.6524333,8/04/2021,14:48:15,Garden Island,Perth,Moderate,Top,0,100,0.533333333,0.860366134,0,2,0,0,0,77,0,79
2021-04_FRDC_BOSS,C619,-32.13760833,115.6528767,8/04/2021,14:57:40,Garden Island,Perth,Moderate,Top,0,100,3.511627907,0.505780539,11,11,0,3,0,0,38,63
2021-04_FRDC_BOSS,C607,-32.13317333,115.6474633,8/04/2021,15:06:34,Garden Island,Perth,Moderate,Top,0,100,3,0,0,38,0,0,0,1,5,44
2021-04_FRDC_BOSS,C647,-32.13462167,115.6307917,8/04/2021,15:19:49,Garden Island,Perth,Poor,Top,0,100,2.608695652,0.682422511,1,43,0,0,0,13,13,70
2021-04_FRDC_BOSS,C644,-32.13616,115.5999533,8/04/2021,15:35:47,Garden Island,Perth,Moderate,Top,0,100,2.75,0.503952631,0,69,0,0,0,7,2,78
2021-04_FRDC_BOSS,C660,-32.13988667,115.6061967,8/04/2021,15:44:38,Garden Island,Perth,Good,Top,0,100,0.040816327,0.199914948,0,1,0,0,0,76,0,77
2021-04_FRDC_BOSS,C616,-32.15019167,115.6049333,8/04/2021,15:57:39,Garden Island,Perth,Good,Top,0,100,3,0,0,72,0,0,0,0,1,73
2021-04_FRDC_BOSS,C628,-32.152325,115.6144533,8/04/2021,16:08:47,Garden Island,Perth,Poor,Top,0,100,3,0,0,52,0,0,0,1,11,64
2021-04_FRDC_BOSS,C620,-32.162965,115.597515,8/04/2021,16:22:30,Garden Island,Perth,Moderate,Top,0,100,2.307692308,0.780609655,0,57,7,0,0,14,2,80
2021-04_FRDC_BOSS,C631,-32.16088,115.6327117,8/04/2021,16:37:35,Garden Island,Perth,Moderate,Top,0,100,0.1,0.30382181,0,0,0,0,0,71,0,71
2021-04_FRDC_BOSS,C711,-31.53386333,115.5450067,9/04/2021,7:15:05,Two Rocks,Perth,Good,Bottom,0,100,3,0,0,62,0,0,0,0,6,68
2021-04_FRDC_BOSS,C723,-31.53924667,115.5402217,9/04/2021,7:24:53,Two Rocks,Perth,Moderate,Bottom,0,100,1.047619048,0.215540269,0,22,0,0,0,45,0,67
2021-04_FRDC_BOSS,C754,-31.54712167,115.5457667,9/04/2021,7:35:09,Two Rocks,Perth,Moderate,Bottom,0,100,2.025641026,1.012739367,0,52,0,0,0,19,4,75
2021-04_FRDC_BOSS,C738,-31.54648,115.5556417,9/04/2021,7:44:55,Two Rocks,Perth,Good,Bottom,0,100,2.022222222,0.3982284,0,62,0,0,0,4,4,70
2021-04_FRDC_BOSS,C722,-31.560155,115.5747767,9/04/2021,7:58:54,Two Rocks,Perth,Moderate,Bottom,0,100,3.482758621,0.599455288,0,74,0,0,0,0,0,74
2021-04_FRDC_BOSS,C710,-31.56831667,115.5799283,9/04/2021,8:09:49,Two Rocks,Perth,Moderate,Bottom,0,100,0,0,0,0,0,0,0,74,0,74
2021-04_FRDC_BOSS,C736,-31.57767167,115.5884667,9/04/2021,8:20:13,Two Rocks,Perth,Good,Bottom,1.25,98.75,0.108108108,0.314800094,0,0,0,0,0,69,1,70
2021-04_FRDC_BOSS,C740,-31.54231833,115.5947067,9/04/2021,8:38:14,Two Rocks,Perth,Good,Bottom,0,100,0.175,0.384807644,0,0,0,0,0,66,0,66
2021-04_FRDC_BOSS,C724,-31.54873667,115.5953233,9/04/2021,8:46:45,Two Rocks,Perth,Good,Bottom,0,100,0.075,0.266746783,0,0,0,0,0,66,0,66
2021-04_FRDC_BOSS,C712,-31.55413167,115.60013,9/04/2021,8:55:23,Two Rocks,Perth,Good,Bottom,0,100,0.05,0.220721428,0,0,0,0,0,65,0,65
2021-04_FRDC_BOSS,C752,-31.56798167,115.6049867,9/04/2021,9:07:29,Two Rocks,Perth,Good,Bottom,0,100,0.025,0.158113883,0,0,0,0,0,65,0,65
2021-04_FRDC_BOSS,C743,-31.58050833,115.6363183,9/04/2021,9:22:55,Two Rocks,Perth,Moderate,Bottom,1.25,98.75,0.025,0.158113883,0,0,0,0,0,67,1,68
2021-04_FRDC_BOSS,C704,-31.56219167,115.6294467,9/04/2021,9:35:01,Two Rocks,Perth,Poor,Bottom,0,100,NA,NA,0,0,0,0,0,31,0,31
2021-04_FRDC_BOSS,C720,-31.56445333,115.61741,9/04/2021,9:44:10,Two Rocks,Perth,Moderate,Bottom,0,100,1.05,0.220721428,0,26,0,0,0,29,3,58
2021-04_FRDC_BOSS,C732,-31.55850922,115.6184858,9/04/2021,9:51:57,Two Rocks,Perth,Moderate,Bottom,0,100,0,0,0,0,0,0,0,53,0,53
2021-04_FRDC_BOSS,C748,-31.54651833,115.6119417,9/04/2021,10:02:19,Two Rocks,Perth,Moderate,Bottom,0,100,0.342857143,0.481593992,0,1,0,0,0,57,0,58
2021-04_FRDC_BOSS,C728,-31.54438333,115.60718,9/04/2021,10:09:41,Two Rocks,Perth,Moderate,Bottom,0,100,2.815789474,0.392859452,0,0,43,0,0,4,6,53
2021-04_FRDC_BOSS,C716,-31.53674,115.60527,9/04/2021,10:18:30,Two Rocks,Perth,Moderate,Bottom,0,100,1.716981132,1.378088957,0,28,0,0,0,36,2,66
2021-04_FRDC_BOSS,C756,-31.53288833,115.6065517,9/04/2021,10:26:56,Two Rocks,Perth,Poor,Bottom,0,100,NA,NA,0,1,0,0,0,35,0,36
2021-04_FRDC_BOSS,C760,-31.51833,115.5964633,9/04/2021,10:39:02,Two Rocks,Perth,Poor,Bottom,0,100,NA,NA,0,0,0,0,0,0,80,80
2021-04_FRDC_BOSS,C747,-31.51033167,115.5872167,9/04/2021,10:48:17,Two Rocks,Perth,Moderate,Bottom,0,100,2.823529412,0.386952995,0,11,6,0,0,3,29,49
2021-04_FRDC_BOSS,C741,-31.503385,115.5687783,9/04/2021,10:59:53,Two Rocks,Perth,Moderate,Bottom,0,100,3,0,0,52,0,2,0,0,7,61
2021-04_FRDC_BOSS,C726,-31.51470333,115.568525,9/04/2021,11:09:45,Two Rocks,Perth,Moderate,Bottom,0,100,3,0,0,64,0,0,0,0,0,64
2021-04_FRDC_BOSS,C703,-31.52900333,115.5784283,9/04/2021,11:21:09,Two Rocks,Perth,Moderate,Bottom,0,100,0.243902439,0.434769353,0,7,0,0,0,48,0,55
2021-04_FRDC_BOSS,C731,-31.53722333,115.5718517,9/04/2021,11:31:00,Two Rocks,Perth,Moderate,Bottom,0,100,3,0,0,47,0,0,0,0,20,67
2021-04_FRDC_BOSS,C742,-31.533715,115.5570117,9/04/2021,11:41:49,Two Rocks,Perth,Good,Bottom,0,100,0.025,0.158113883,0,0,0,0,0,71,0,71
2021-04_FRDC_BOSS,C755,-31.52319667,115.5452917,9/04/2021,11:51:55,Two Rocks,Perth,Moderate,Bottom,1.315789474,98.68421053,3.054545455,0.229183884,5,60,0,0,0,0,2,67
2021-04_FRDC_BOSS,C707,-31.529715,115.5293633,9/04/2021,12:04:46,Two Rocks,Perth,Moderate,Bottom,0,100,1.175,0.957761814,0,18,0,0,0,43,1,62
2021-04_FRDC_BOSS,C735,-31.5206,115.5243133,9/04/2021,12:14:24,Two Rocks,Perth,Good,Bottom,1.25,98.75,1.073170732,0.411718587,0,23,0,0,0,31,2,56
2021-04_FRDC_BOSS,C719,-31.51525667,115.5254383,9/04/2021,12:22:35,Two Rocks,Perth,Poor,Bottom,0,100,1,0,0,5,0,0,0,63,0,68
2021-04_FRDC_BOSS,C739,-31.515455,115.5342567,9/04/2021,12:31:35,Two Rocks,Perth,Good,Bottom,0,100,3,0,0,74,0,0,0,0,0,74
2021-04_FRDC_BOSS,C709,-31.50301333,115.5411833,9/04/2021,12:41:51,Two Rocks,Perth,Good,Bottom,0,100,0.9,0.632455532,0,13,0,0,0,51,0,64
2021-04_FRDC_BOSS,C721,-31.49971,115.5352067,9/04/2021,12:50:00,Two Rocks,Perth,Good,Bottom,1.234567901,98.7654321,0,0,0,0,0,0,0,76,1,77
2021-04_FRDC_BOSS,C713,-31.49556,115.557625,9/04/2021,13:02:04,Two Rocks,Perth,Moderate,Bottom,0,100,1.974358974,1.1352528,5,11,0,0,0,37,6,59
2021-04_FRDC_BOSS,C725,-31.48859,115.561305,9/04/2021,13:10:33,Two Rocks,Perth,Moderate,Bottom,0,100,3,0,0,18,21,0,0,0,17,56
2021-04_FRDC_BOSS,C702,-31.48340167,115.5683167,9/04/2021,13:18:53,Two Rocks,Perth,Moderate,Bottom,0,100,1.15,1.166849802,0,12,0,0,0,37,13,62
2021-04_FRDC_BOSS,C730,-31.48399333,115.5715617,9/04/2021,13:26:41,Two Rocks,Perth,Moderate,Bottom,0,100,0.2,0.410391341,0,1,0,0,0,51,0,52
2021-04_FRDC_BOSS,C757,-31.46927833,115.5570783,9/04/2021,13:38:37,Two Rocks,Perth,Moderate,Bottom,0,100,3,0,0,68,0,0,0,0,0,68
2021-04_FRDC_BOSS,C746,-31.46683833,115.54673,9/04/2021,13:49:11,Two Rocks,Perth,Moderate,Bottom,0,100,3,0,1,36,0,0,0,0,22,59
2021-04_FRDC_BOSS,C753,-31.46375167,115.5608983,9/04/2021,14:00:09,Two Rocks,Perth,Moderate,Bottom,0,100,3,0,0,2,32,0,0,0,32,66
2021-04_FRDC_BOSS,C737,-31.461055,115.558585,9/04/2021,14:08:11,Two Rocks,Perth,Poor,Bottom,0,100,NA,NA,0,0,0,0,0,16,35,51
2021-04_FRDC_BOSS,C706,-31.45829333,115.5481433,9/04/2021,14:17:30,Two Rocks,Perth,Poor,Bottom,0,100,2.418604651,0.731357451,0,0,50,0,0,7,7,64
2021-04_FRDC_BOSS,C718,-31.44883667,115.5312767,9/04/2021,14:28:39,Two Rocks,Perth,Moderate,Bottom,0,100,2.418604651,0.731357451,0,44,0,0,0,20,6,70
2021-04_FRDC_BOSS,C734,-31.46276667,115.5218417,9/04/2021,14:41:31,Two Rocks,Perth,Moderate,Bottom,0,100,2.066666667,1.303840481,0,37,0,6,0,27,0,70
2021-04_FRDC_BOSS,C750,-31.467885,115.51719,9/04/2021,14:50:25,Two Rocks,Perth,Moderate,Bottom,0,100,3.25,0.43643578,0,74,0,0,0,0,2,76
2021-04_FRDC_BOSS,C701,-31.47251,115.5302217,9/04/2021,15:00:50,Two Rocks,Perth,Good,Bottom,0,100,0.05,0.220721428,0,0,0,0,0,63,0,63
2021-04_FRDC_BOSS,C705,-31.47656167,115.5308933,9/04/2021,15:09:49,Two Rocks,Perth,Moderate,Bottom,1.25,98.75,3,0,0,39,0,0,0,0,8,47
2021-04_FRDC_BOSS,C745,-31.48099667,115.5329183,9/04/2021,15:17:46,Two Rocks,Perth,Moderate,Bottom,0,100,3,0,0,65,0,0,0,0,0,65
2021-04_FRDC_BOSS,C715,-31.478775,115.5111017,9/04/2021,15:29:19,Two Rocks,Perth,Moderate,Bottom,0,100,0.80952381,0.916996562,0,3,0,0,0,65,9,77
2021-04_FRDC_BOSS,C729,-31.484735,115.5177417,9/04/2021,15:38:10,Two Rocks,Perth,Moderate,Bottom,0,100,3,0,0,36,0,0,0,0,11,47
2021-04_FRDC_BOSS,C733,-31.49068167,115.5116317,9/04/2021,15:47:38,Two Rocks,Perth,Moderate,Bottom,0,100,0.933333333,0.253708132,0,13,0,0,0,37,0,50
2021-04_FRDC_BOSS,C727,-31.49454,115.5038817,9/04/2021,15:57:51,Two Rocks,Perth,Moderate,Bottom,0,100,2.1,0.758855763,0,31,0,0,0,10,3,44
2021-04_FRDC_BOSS,C717,-31.50036667,115.5157517,9/04/2021,16:08:12,Two Rocks,Perth,Moderate,Bottom,0,100,0.133333333,0.345745904,0,0,0,0,0,66,0,66
2021-04_FRDC_BOSS,C749,-31.49722,115.5385983,9/04/2021,16:20:57,Two Rocks,Perth,Moderate,Bottom,1.666666667,98.33333333,1.333333333,1.028334218,0,25,0,0,0,22,2,49
2021-04_FRDC_BOSS,C844,-31.10292833,115.3385367,10/04/2021,7:06:52,Lancelin,NA,Good,Top,0,100,2.803278689,0.54220759,0,69,0,0,0,0,3,72
2021-04_FRDC_BOSS,C821,-31.09676667,115.3312033,10/04/2021,7:16:17,Lancelin,NA,Good,Top,0,100,3,0,0,72,0,0,0,0,3,75
2021-04_FRDC_BOSS,C860,-31.092555,115.3248317,10/04/2021,7:24:17,Lancelin,NA,Good,Top,0,100,3,0,0,71,0,0,0,0,0,71
2021-04_FRDC_BOSS,C836,-31.08121833,115.3101617,10/04/2021,7:36:51,Lancelin,NA,Moderate,Top,0,100,2.98,0.141421356,0,66,0,0,0,1,13,80
2021-04_FRDC_BOSS,C841,-31.06847167,115.3153183,10/04/2021,7:47:56,Lancelin,NA,Good,Top,0,100,0,0,0,0,0,0,0,71,0,71
2021-04_FRDC_BOSS,C856,-31.047195,115.30472,10/04/2021,8:03:00,Lancelin,NA,Good,Top,0,100,0.866666667,0.342803332,0,13,0,0,0,48,19,80
2021-04_FRDC_BOSS,C852,-31.03603,115.2965117,10/04/2021,8:13:40,Lancelin,NA,Good,Top,0,100,0.096153846,0.297678296,0,10,0,0,0,66,0,76
2021-04_FRDC_BOSS,C840,-31.02772333,115.2818633,10/04/2021,8:26:34,Lancelin,NA,Moderate,Top,0,100,2.882352941,0.431140758,0,65,0,1,0,1,5,72
2021-04_FRDC_BOSS,C809,-31.02825167,115.29123,10/04/2021,8:39:07,Lancelin,NA,Moderate,Top,0,100,1.88,0.328260723,0,52,0,0,0,13,10,75
2021-04_FRDC_BOSS,C824,-31.03139333,115.3015783,10/04/2021,8:51:33,Lancelin,NA,Moderate,Top,0,100,0.314814815,0.772745023,0,1,0,0,0,78,0,79
2021-04_FRDC_BOSS,C845,-31.04238,115.3196483,10/04/2021,9:08:45,Lancelin,NA,Moderate,Top,0,100,2.94,0.239897937,0,72,0,0,0,3,0,75
2021-04_FRDC_BOSS,C857,-31.06628333,115.3314983,10/04/2021,9:20:45,Lancelin,NA,Moderate,Top,0,100,2.5,0.92973479,0,70,0,0,0,0,4,74
2021-04_FRDC_BOSS,C833,-31.08288667,115.3407883,10/04/2021,9:39:54,Lancelin,NA,Moderate,Top,0,100,2.977777778,0.149071198,0,65,0,0,0,0,9,74
2021-04_FRDC_BOSS,C849,-31.09109167,115.3512467,10/04/2021,9:53:21,Lancelin,NA,Moderate,Top,0,100,0,0,0,0,0,0,0,80,0,80
2021-04_FRDC_BOSS,C828,-31.096465,115.3556117,10/04/2021,10:03:43,Lancelin,NA,Moderate,Top,0,100,0.15,0.361620285,0,0,0,0,0,73,7,80
2021-04_FRDC_BOSS,C818,-31.10539167,115.36752,10/04/2021,10:21:36,Lancelin,NA,Poor,Top,0,100,3,0,0,0,32,0,0,0,10,42
2021-04_FRDC_BOSS,C806,-31.08655333,115.3583333,10/04/2021,13:39:50,Lancelin,NA,Moderate,Top,0,100,3,0,0,53,0,0,0,0,7,60
2021-04_FRDC_BOSS,C853,-31.06768333,115.345955,10/04/2021,10:58:08,Lancelin,NA,Poor,Top,1.25,98.75,2.9375,0.245934688,0,24,5,0,0,0,30,59
2021-04_FRDC_BOSS,C814,-31.05439667,115.3356133,10/04/2021,11:11:07,Lancelin,NA,Moderate,Top,0,100,2.386363636,0.920462702,1,63,0,0,0,2,0,66
2021-04_FRDC_BOSS,C810,-31.05027653,115.3363025,10/04/2021,11:18:57,Lancelin,NA,Moderate,Top,0,100,3,0,0,57,0,0,0,0,7,64
2021-04_FRDC_BOSS,C837,-31.04435833,115.33887,10/04/2021,11:32:11,Lancelin,NA,Moderate,Top,0,100,2.741935484,0.575484835,0,0,34,0,0,7,37,78
2021-04_FRDC_BOSS,C829,-31.03819167,115.3247333,10/04/2021,11:45:31,Lancelin,NA,Poor,Top,0,100,3,0,0,58,0,0,0,0,10,68
2021-04_FRDC_BOSS,C803,-31.03197833,115.3266717,10/04/2021,11:56:49,Lancelin,NA,Very Poor,Top,0,100,NA,NA,0,0,0,0,0,0,80,80
2021-04_FRDC_BOSS,C861,-31.02742,115.3203833,10/04/2021,12:06:30,Lancelin,NA,Moderate,Top,0,100,3,0,0,47,0,0,0,0,19,66
2021-04_FRDC_BOSS,C832,-31.01125833,115.3174817,10/04/2021,12:22:18,Lancelin,NA,Moderate,Top,0,100,2.93877551,0.242226071,0,70,0,0,0,1,3,74
2021-04_FRDC_BOSS,C804,-31.00661333,115.30486,10/04/2021,12:32:46,Lancelin,NA,Moderate,Top,1.25,98.75,2.901960784,0.30032662,0,62,0,0,0,3,11,76
2021-04_FRDC_BOSS,C858,-30.98902276,115.3078973,10/04/2021,12:45:03,Lancelin,NA,Moderate,Top,0,100,2.438596491,1.018008277,0,56,0,0,0,14,7,77
2021-04_FRDC_BOSS,C842,-30.977765,115.3049633,10/04/2021,12:55:10,Lancelin,NA,Moderate,Top,0,100,2.673469388,0.774267264,0,58,0,0,0,0,3,61
2021-04_FRDC_BOSS,C826,-30.973805,115.3082317,10/04/2021,13:02:47,Lancelin,NA,Poor,Top,0,100,3,0,0,0,57,0,0,0,18,75
2021-04_FRDC_BOSS,C820,-30.97402167,115.311785,10/04/2021,13:10:43,Lancelin,NA,Poor,Top,0,100,0.2,0.405095747,0,13,0,0,0,46,11,70
2021-04_FRDC_BOSS,C811,-30.97237,115.2923083,10/04/2021,13:21:28,Lancelin,NA,Moderate,Top,0,100,2.172413793,1.028334218,0,73,0,0,0,0,1,74
2021-04_FRDC_BOSS,C839,-30.96573,115.291995,10/04/2021,13:30:49,Lancelin,NA,Moderate,Top,0,100,0.333333333,0.738548946,0,8,0,0,0,72,0,80
2021-04_FRDC_BOSS,C823,-30.95853167,115.30007,10/04/2021,13:41:23,Lancelin,NA,Very Poor,Top,0,100,NA,NA,0,0,0,0,0,0,80,80
2021-04_FRDC_BOSS,C855,-30.95035167,115.291695,10/04/2021,13:51:05,Lancelin,NA,Very Poor,Top,0,100,NA,NA,0,0,0,0,0,0,80,80
2021-04_FRDC_BOSS,C816,-30.93545,115.279655,10/04/2021,14:05:07,Lancelin,NA,Poor,Top,0,100,3,0,0,64,0,0,0,0,8,72
2021-04_FRDC_BOSS,C847,-30.92231333,115.2644583,10/04/2021,14:17:51,Lancelin,NA,Moderate,Top,0,100,2.018867925,1.20081008,0,46,0,0,0,28,2,76
2021-04_FRDC_BOSS,C850,-30.926995,115.259455,10/04/2021,14:26:07,Lancelin,NA,Moderate,Top,0,100,2.759259259,0.671106807,0,38,0,0,0,30,0,68
2021-04_FRDC_BOSS,C807,-30.94221833,115.2500917,10/04/2021,14:36:38,Lancelin,NA,Moderate,Top,0,100,1,0.285714286,0,21,0,0,0,53,0,74
2021-04_FRDC_BOSS,C843,-30.94887667,115.264345,10/04/2021,14:47:12,Lancelin,NA,Good,Top,0,100,3,0,0,77,0,0,0,0,3,80
2021-04_FRDC_BOSS,C822,-30.95858833,115.2558283,10/04/2021,14:57:05,Lancelin,NA,Good,Top,0,100,0.15,0.360084736,0,3,0,0,0,77,0,80
2021-04_FRDC_BOSS,C859,-30.95728,115.2762833,10/04/2021,15:08:19,Lancelin,NA,Good,Top,0,100,0.025,0.158113883,0,0,0,0,0,71,0,71
2021-04_FRDC_BOSS,C812,-30.96652,115.2670083,10/04/2021,15:17:55,Lancelin,NA,Good,Top,0,100,0,0,0,0,0,0,0,80,0,80
2021-04_FRDC_BOSS,C834,-30.98195333,115.26003,10/04/2021,15:28:48,Lancelin,NA,Moderate,Top,0,100,2.87037037,0.33904952,2,74,0,0,0,0,2,78
2021-04_FRDC_BOSS,C815,-30.98211167,115.26651,10/04/2021,15:37:29,Lancelin,NA,Moderate,Top,0,100,2.666666667,0.516397779,0,64,0,0,0,7,0,71
2021-04_FRDC_BOSS,C846,-30.984,115.274535,10/04/2021,15:45:52,Lancelin,NA,Good,Top,0,100,0.345454545,0.479898979,0,8,0,0,0,72,0,80
2021-04_FRDC_BOSS,C854,-30.98838,115.286485,10/04/2021,15:55:31,Lancelin,NA,Good,Top,4.87804878,95.12195122,3.016393443,0.222995013,0,68,0,0,0,0,10,78
2021-04_FRDC_BOSS,C808,-30.99762833,115.2839467,10/04/2021,16:04:20,Lancelin,NA,Moderate,Top,0,100,0.62745098,0.823669456,0,21,0,0,0,50,0,71
2021-04_FRDC_BOSS,C851,-31.00121667,115.27129,10/04/2021,16:13:58,Lancelin,NA,Moderate,Top,0,100,2.884615385,0.322602539,0,65,0,0,0,0,7,72
2021-04_FRDC_BOSS,C819,-31.00749333,115.2902933,10/04/2021,16:24:52,Lancelin,NA,Moderate,Top,0,100,0,0,0,0,0,0,0,73,0,73
2021-04_FRDC_BOSS,C862,-31.01761667,115.2938817,10/04/2021,16:33:49,Lancelin,NA,Moderate,Top,0,100,0.025,0.158113883,0,0,0,0,0,80,0,80
2021-04_FRDC_BOSS,C906,-30.65547167,115.0855633,15/04/2021,7:31:51,Cervantes,NA,Good,Top,0,100,3,0,0,72,0,0,0,0,4,76
2021-04_FRDC_BOSS,C921,-30.63858333,115.0549567,15/04/2021,7:47:42,Cervantes,NA,Moderate,Top,0,100,2.351851852,0.872156456,1,60,0,0,0,11,2,74
2021-04_FRDC_BOSS,C937,-30.64047,115.0761833,15/04/2021,7:59:30,Cervantes,NA,Good,Top,0,100,0.872727273,0.817732761,0,17,0,0,0,62,0,79
2021-04_FRDC_BOSS,C913,-30.62999833,115.0720583,15/04/2021,8:09:16,Cervantes,NA,Good,Top,0,100,3,0,1,75,0,0,0,0,0,76
2021-04_FRDC_BOSS,C902,-30.63580667,115.089685,15/04/2021,8:20:52,Cervantes,NA,Moderate,Top,0,100,2.428571429,0.889756521,0,54,0,0,0,11,8,73
2021-04_FRDC_BOSS,C930,-30.64343667,115.1043617,15/04/2021,8:31:43,Cervantes,NA,Moderate,Top,0,100,0,0,0,0,0,0,0,80,0,80
2021-04_FRDC_BOSS,C946,-30.63710833,115.108085,15/04/2021,8:39:28,Cervantes,NA,Moderate,Top,0,100,0.075,0.266746783,0,0,0,0,0,70,0,70
2021-04_FRDC_BOSS,C928,-30.64100333,115.1103817,15/04/2021,8:46:47,Cervantes,NA,Moderate,Top,0,100,2.611111111,0.760940033,0,63,0,0,0,15,2,80
2021-04_FRDC_BOSS,C916,-30.65763833,115.1188583,15/04/2021,8:58:29,Cervantes,NA,Moderate,Top,0,100,0.25,0.43852901,0,1,1,0,0,49,0,51
2021-04_FRDC_BOSS,C956,-30.656105,115.115605,15/04/2021,9:06:30,Cervantes,NA,Moderate,Top,0,100,0.5,0.640512615,0,11,0,0,0,64,1,76
2021-04_FRDC_BOSS,C934,-30.65388667,115.106675,15/04/2021,9:18:33,Cervantes,NA,Moderate,Top,0,100,1.325,1.047279749,0,16,12,0,0,36,10,74
2021-04_FRDC_BOSS,C944,-30.63435667,115.1169283,15/04/2021,9:31:00,Cervantes,NA,Poor,Top,0,100,3,0,0,46,0,0,0,0,22,68
2021-04_FRDC_BOSS,C960,-30.62785167,115.1119833,15/04/2021,9:39:50,Cervantes,NA,Poor,Top,0,100,2.744186047,0.726800662,0,16,18,0,0,2,35,71
2021-04_FRDC_BOSS,C945,-30.62458,115.10877,15/04/2021,9:47:07,Cervantes,NA,Very Poor,Top,0,100,NA,NA,0,3,0,0,0,0,77,80
2021-04_FRDC_BOSS,C905,-30.62527,115.098905,15/04/2021,9:56:05,Cervantes,NA,Poor,Top,0,100,2.833333333,0.461133037,0,0,7,0,0,2,44,53
2021-04_FRDC_BOSS,C917,-30.62410167,115.08937,15/04/2021,10:04:23,Cervantes,NA,Moderate,Top,0,100,2.98,0.141421356,0,6,35,0,0,0,25,66
2021-04_FRDC_BOSS,C933,-30.619815,115.0823917,15/04/2021,10:28:03,Cervantes,NA,Moderate,Top,0,100,1.962264151,0.649326993,0,0,45,0,0,19,9,73
2021-04_FRDC_BOSS,C949,-30.615845,115.0822167,15/04/2021,10:35:40,Cervantes,NA,Moderate,Top,0,100,0,0,0,0,0,0,0,80,0,80
2021-04_FRDC_BOSS,C941,-30.61169667,115.06855,15/04/2021,10:44:46,Cervantes,NA,Moderate,Top,0,100,3.054545455,0.229183884,0,73,0,0,0,0,3,76
2021-04_FRDC_BOSS,C957,-30.60322,115.0651367,15/04/2021,10:53:26,Cervantes,NA,Moderate,Top,0,100,2.857142857,0.426842614,0,51,25,0,0,1,3,80
2021-04_FRDC_BOSS,C925,-30.60289833,115.0623733,15/04/2021,11:01:24,Cervantes,NA,Moderate,Top,0,100,2.783333333,0.691146595,1,67,0,0,0,0,2,70
2021-04_FRDC_BOSS,C932,-30.59746833,115.0802067,15/04/2021,11:11:49,Cervantes,NA,Poor,Top,0,100,0.95,1.280024038,0,0,20,0,0,42,7,69
2021-04_FRDC_BOSS,C904,-30.598045,115.0884217,15/04/2021,11:20:04,Cervantes,NA,Poor,Top,0,100,3,0,0,11,4,0,0,0,40,55
2021-04_FRDC_BOSS,C908,-30.59984167,115.0975483,15/04/2021,11:32:46,Cervantes,NA,Moderate,Top,0,100,0,0,0,0,0,0,0,65,0,65
2021-04_FRDC_BOSS,C948,-30.59352833,115.1000983,15/04/2021,11:41:04,Cervantes,NA,Poor,Top,0,100,3,0,0,0,20,0,0,0,24,44
2021-04_FRDC_BOSS,C929,-30.608435,115.1001517,15/04/2021,11:53:48,Cervantes,NA,Poor,Top,0,100,2.775510204,0.586845597,0,46,0,0,0,0,19,65
2021-04_FRDC_BOSS,C909,-30.607205,115.0907733,15/04/2021,12:01:56,Cervantes,NA,Poor,Top,0,100,0,0,0,0,0,0,0,39,0,39
2021-04_FRDC_BOSS,C901,-30.608715,115.046955,15/04/2021,12:18:36,Cervantes,NA,Poor,Top,0,100,2.909090909,0.384353057,0,41,0,0,0,1,12,54
2021-04_FRDC_BOSS,C912,-30.59763,115.0430867,15/04/2021,12:27:19,Cervantes,NA,Moderate,Top,0,100,0,0,0,2,0,0,0,78,0,80
2021-04_FRDC_BOSS,C911,-30.58906333,115.051895,15/04/2021,12:40:50,Cervantes,NA,Moderate,Top,0,100,3,0,0,35,0,0,0,0,4,39
2021-04_FRDC_BOSS,C951,-30.593315,115.0559367,15/04/2021,12:49:05,Cervantes,NA,Moderate,Top,3.03030303,96.96969697,3,0,0,72,0,0,0,0,5,77
2021-04_FRDC_BOSS,C903,-30.580155,115.0636283,15/04/2021,13:06:34,Cervantes,NA,Good,Top,0,100,2.981818182,0.134839972,0,29,43,0,0,0,2,74
2021-04_FRDC_BOSS,C931,-30.58147,115.0671817,15/04/2021,13:15:30,Cervantes,NA,Moderate,Top,0,100,0.425,0.500640615,0,13,0,0,0,58,0,71
2021-04_FRDC_BOSS,C926,-30.579705,115.0747467,15/04/2021,13:25:01,Cervantes,NA,Moderate,Top,0,100,3,0,0,0,41,0,0,0,24,65
2021-04_FRDC_BOSS,C927,-30.58009,115.0850267,15/04/2021,13:35:56,Cervantes,NA,Poor,Top,0,100,2.457142857,0.816839575,0,0,0,0,0,0,63,63
2021-04_FRDC_BOSS,C959,-30.57473667,115.085815,15/04/2021,13:45:00,Cervantes,NA,Moderate,Top,0,100,3,0,0,0,76,0,0,0,0,76
2021-04_FRDC_BOSS,C958,-30.571935,115.0717,15/04/2021,13:53:58,Cervantes,NA,Moderate,Top,0,100,0.975,0.891196257,0,1,17,0,0,47,8,73
2021-04_FRDC_BOSS,C942,-30.57533833,115.072115,15/04/2021,14:00:54,Cervantes,NA,Good,Top,0,100,0,0,0,0,0,0,0,80,0,80
2021-04_FRDC_BOSS,C907,-30.57493,115.0614733,15/04/2021,14:10:13,Cervantes,NA,Moderate,Top,0,100,3,0,0,70,0,0,0,0,4,74
2021-04_FRDC_BOSS,C914,-30.56295167,115.0589217,15/04/2021,14:19:59,Cervantes,NA,Poor,Top,0,100,2.87804878,0.331294578,0,34,0,0,0,0,20,54
2021-04_FRDC_BOSS,C952,-30.57539167,115.0397717,15/04/2021,14:43:22,Cervantes,NA,Poor,Top,0,100,2.622222222,0.805912495,0,53,0,0,0,0,20,73
2021-04_FRDC_BOSS,C920,-30.56153167,115.0410167,15/04/2021,14:52:59,Cervantes,NA,Moderate,Top,0,100,0.622641509,0.965290213,0,11,0,0,0,68,1,80
2021-04_FRDC_BOSS,C954,-30.56568167,115.077235,15/04/2021,15:07:42,Cervantes,NA,Poor,Top,0,100,3,0,0,0,32,0,0,0,17,49
2021-04_FRDC_BOSS,C939,-30.55859,115.0838933,15/04/2021,15:16:28,Cervantes,NA,Poor,Top,0,100,2.333333333,0.84016805,0,5,3,0,0,1,42,51
2021-04_FRDC_BOSS,C915,-30.55322167,115.0888,15/04/2021,15:26:24,Cervantes,NA,Moderate,Top,0,100,3,0,0,0,45,0,0,0,22,67
2021-04_FRDC_BOSS,C923,-30.55691667,115.0932017,15/04/2021,15:35:20,Cervantes,NA,Very Poor,Top,0,100,NA,NA,0,0,0,0,0,0,81,81
2021-04_FRDC_BOSS,C955,-30.547325,115.089735,15/04/2021,15:45:41,Cervantes,NA,Moderate,Top,0,100,0,0,0,0,0,0,0,71,0,71
2021-04_FRDC_BOSS,C950,-30.55347333,115.0781917,15/04/2021,15:57:07,Cervantes,NA,Poor,Top,0,100,0,0,0,0,0,0,0,71,0,71
2021-04_FRDC_BOSS,C922,-30.54789833,115.0537167,15/04/2021,16:10:41,Cervantes,NA,Poor,Top,0,100,2.145833333,1.129669192,0,37,0,0,0,3,11,51
2021-04_FRDC_BOSS,C936,-30.54425333,115.0428983,15/04/2021,16:23:33,Cervantes,NA,Moderate,Top,0,100,2.695652174,0.627855794,0,67,0,0,0,0,7,74
2021-04_FRDC_BOSS,C1027,-30.29801333,114.9744783,16/04/2021,7:00:02,Jurien,NA,Moderate,Top,0,100,1.777777778,0.420437483,0,59,0,0,0,0,3,62
2021-04_FRDC_BOSS,C1031,-30.29135667,114.9781167,16/04/2021,7:09:17,Jurien,NA,Moderate,Top,0,100,1.218181818,0.629253205,0,32,0,0,0,47,0,79
2021-04_FRDC_BOSS,C1016,-30.290695,114.98341,16/04/2021,7:16:55,Jurien,NA,Moderate,Top,0,100,2.350877193,1.026283657,0,0,72,0,0,3,5,80
2021-04_FRDC_BOSS,C1034,-30.289315,114.99367,16/04/2021,7:25:59,Jurien,NA,Moderate,Top,0,100,1.764705882,1.35038121,0,4,35,0,0,41,0,80
2021-04_FRDC_BOSS,C1007,-30.28222333,115.0040833,16/04/2021,7:35:37,Jurien,NA,Moderate,Top,0,100,0,0,0,0,0,0,0,75,0,75
2021-04_FRDC_BOSS,C1018,-30.27805833,114.99677,16/04/2021,7:44:50,Jurien,NA,Moderate,Top,0,100,1.295454545,0.823479443,0,39,0,0,0,40,0,79
2021-04_FRDC_BOSS,C1003,-30.28030333,114.98545,16/04/2021,7:53:28,Jurien,NA,Moderate,Top,0,100,2.945454545,0.229183884,0,77,0,0,0,0,3,80
2021-04_FRDC_BOSS,C1047,-30.27760167,114.983985,16/04/2021,8:01:10,Jurien,NA,Good,Top,0,100,0.583333333,0.498223795,0,2,0,0,0,76,0,78
2021-04_FRDC_BOSS,C1063,-30.28428833,114.9628167,16/04/2021,8:13:04,Jurien,NA,Moderate,Top,0,100,0,0,0,0,0,0,0,80,0,80
2021-04_FRDC_BOSS,C1043,-30.27463167,114.9624417,16/04/2021,8:21:53,Jurien,NA,Moderate,Top,0,100,2.4,0.638876565,0,9,32,0,0,15,10,66
2021-04_FRDC_BOSS,C1048,-30.26510333,114.970875,16/04/2021,8:33:06,Jurien,NA,Moderate,Top,0,100,3,0,0,76,0,0,0,0,0,76
2021-04_FRDC_BOSS,C1032,-30.26211667,114.9796367,16/04/2021,8:41:59,Jurien,NA,Moderate,Top,0,100,2,0.260377822,0,66,0,0,0,14,1,81
2021-04_FRDC_BOSS,C1020,-30.26086,114.9601283,16/04/2021,8:52:36,Jurien,NA,Poor,Top,0,100,1.446428571,0.536644215,0,13,20,0,0,23,14,70
2021-04_FRDC_BOSS,C1005,-30.254195,114.9657017,16/04/2021,9:01:32,Jurien,NA,Poor,Top,0,100,2.527272727,0.920035133,5,73,0,0,0,0,1,79
2021-04_FRDC_BOSS,C1024,-30.24206333,114.965105,16/04/2021,9:11:45,Jurien,NA,Moderate,Top,0,100,0,0,0,0,0,0,0,67,0,67
2021-04_FRDC_BOSS,C1001,-30.23024,114.9613483,16/04/2021,9:21:45,Jurien,NA,Poor,Top,0,100,3,0,0,50,0,1,0,1,17,69
2021-04_FRDC_BOSS,C1052,-30.22850167,114.9658883,16/04/2021,9:29:19,Jurien,NA,Good,Top,0,100,0,0,0,0,0,0,0,79,0,79
2021-04_FRDC_BOSS,C1040,-30.22125667,114.9683717,16/04/2021,9:37:41,Jurien,NA,Moderate,Top,0,100,3,0,0,57,8,0,0,0,1,66
2021-04_FRDC_BOSS,C1056,-30.22514167,114.98005,16/04/2021,9:47:36,Jurien,NA,Moderate,Top,0,100,2.423076923,0.723449087,0,45,0,0,0,30,2,77
2021-04_FRDC_BOSS,C1009,-30.22985667,114.9836183,16/04/2021,9:55:35,Jurien,NA,Moderate,Top,0,100,2.126984127,0.888856886,0,77,0,0,0,0,0,77
2021-04_FRDC_BOSS,C1036,-30.24416667,114.9815667,16/04/2021,10:06:36,Jurien,NA,Poor,Top,0,100,2.981481481,0.136082763,0,55,0,0,0,0,14,69
2021-04_FRDC_BOSS,C1038,-30.23801667,114.9861883,16/04/2021,10:15:05,Jurien,NA,Poor,Top,0,100,2.816666667,0.77002458,0,62,0,0,0,0,0,62
2021-04_FRDC_BOSS,C1011,-30.23408333,114.9955517,16/04/2021,10:25:15,Jurien,NA,Good,Top,0,100,2.865671642,0.81455551,0,51,19,0,0,0,9,79
2021-04_FRDC_BOSS,C1022,-30.23380167,115.0016133,16/04/2021,10:34:59,Jurien,NA,Moderate,Top,0,100,0,0,0,0,0,0,0,69,0,69
2021-04_FRDC_BOSS,C1023,-30.24504667,115.0173333,16/04/2021,10:46:36,Jurien,NA,Poor,Top,0,100,3,0,0,0,65,0,0,0,5,70
2021-04_FRDC_BOSS,C1054,-30.24644167,115.0071317,16/04/2021,10:55:01,Jurien,NA,Poor,Top,0,100,2.666666667,0.479463301,0,26,0,0,0,6,36,68
2021-04_FRDC_BOSS,C1015,-30.25186167,115.0007817,16/04/2021,11:03:27,Jurien,NA,Moderate,Top,0,100,0.172413793,0.381038794,0,0,0,0,0,78,0,78
2021-04_FRDC_BOSS,C1058,-30.25543333,114.996655,16/04/2021,11:12:04,Jurien,NA,Poor,Top,0,100,2.84,0.37032804,0,58,0,0,0,0,15,73
2021-04_FRDC_BOSS,C1042,-30.26530333,114.9958917,16/04/2021,11:20:54,Jurien,NA,Poor,Top,0,100,2.16,0.584144237,0,0,37,0,0,31,1,69
2021-04_FRDC_BOSS,C1026,-30.26990667,115.00713,16/04/2021,11:29:54,Jurien,NA,Poor,Top,0,100,2.64,0.662709343,0,0,61,0,0,2,5,68
2021-04_FRDC_BOSS,C1030,-30.26801,115.015605,16/04/2021,11:38:19,Jurien,NA,Poor,Top,0,100,2.025,0.767530171,0,44,1,0,0,12,18,75
2021-04_FRDC_BOSS,C1046,-30.26154,115.0115133,16/04/2021,11:47:02,Jurien,NA,Poor,Top,0,100,2.225,0.422902062,0,8,12,0,0,17,33,70
2021-04_FRDC_BOSS,C1019,-30.260745,115.01928,16/04/2021,11:55:31,Jurien,NA,Poor,Top,0,100,NA,NA,0,57,0,0,0,14,0,71
2021-04_FRDC_BOSS,C1035,-30.26365833,115.02683,16/04/2021,12:03:30,Jurien,NA,Poor,Top,0,100,3,0,0,31,2,0,0,0,20,53
2021-04_FRDC_BOSS,C1062,-30.251185,115.0252767,16/04/2021,12:12:47,Jurien,NA,Poor,Top,0,100,2.971428571,0.169030851,0,24,2,0,0,1,31,58
2021-04_FRDC_BOSS,C1039,-30.25838167,115.0365917,16/04/2021,12:24:20,Jurien,NA,Good,Top,0,100,2.969230769,0.248069469,0,1,77,0,0,1,0,79
2021-04_FRDC_BOSS,C1055,-30.268645,115.0356367,16/04/2021,12:34:52,Jurien,NA,Moderate,Top,0,100,1.94,0.239897937,15,46,0,2,0,9,5,77
2021-04_FRDC_BOSS,C1044,-30.27424667,115.0307083,16/04/2021,12:42:55,Jurien,NA,Poor,Top,0,100,3,0,0,53,0,0,0,0,10,63
2021-04_FRDC_BOSS,C1060,-30.276985,115.0362533,16/04/2021,12:51:45,Jurien,NA,Moderate,Top,0,100,0.8,0.405095747,0,3,0,0,0,73,0,76
2021-04_FRDC_BOSS,C1002,-30.28036667,115.0412667,16/04/2021,13:00:31,Jurien,NA,Moderate,Top,0,100,0.516129032,0.625617974,0,3,0,0,0,72,0,75
2021-04_FRDC_BOSS,C1028,-30.28483667,115.0312883,16/04/2021,13:14:19,Jurien,NA,Poor,Top,0,100,1.775,0.619656646,0,43,0,0,0,33,0,76
2021-04_FRDC_BOSS,C1025,-30.28985667,115.0229317,16/04/2021,13:22:28,Jurien,NA,Poor,Top,0,100,1,0,0,15,0,0,0,41,4,60
2021-04_FRDC_BOSS,C1017,-30.29496,115.0390583,16/04/2021,13:32:51,Jurien,NA,Moderate,Top,0,100,0,0,0,0,0,0,0,59,0,59
2021-04_FRDC_BOSS,C1045,-30.28178167,115.0251017,16/04/2021,13:43:11,Jurien,NA,Poor,Top,0,100,0.075,0.266746783,0,0,0,0,0,72,0,72
2021-04_FRDC_BOSS,C1061,-30.28090667,115.02074,16/04/2021,13:50:24,Jurien,NA,Moderate,Top,0,100,0.275,0.452202587,0,15,0,0,0,42,7,64
2021-04_FRDC_BOSS,C1053,-30.283545,115.0176733,16/04/2021,13:57:22,Jurien,NA,Moderate,Top,0,100,0.225,0.422902062,0,3,0,0,0,69,0,72
2021-04_FRDC_BOSS,C1021,-30.28966667,115.01509,16/04/2021,14:05:05,Jurien,NA,Moderate,Top,0,100,1,0,0,13,0,0,0,58,0,71
2021-04_FRDC_BOSS,C1033,-30.29722333,115.0139867,16/04/2021,14:12:55,Jurien,NA,Moderate,Top,0,100,0.208333333,0.410414079,0,2,0,0,0,70,0,72
2021-04_FRDC_BOSS,C1049,-30.29614167,115.01113,16/04/2021,14:19:37,Jurien,NA,Moderate,Top,0,100,0,0,0,0,0,0,0,77,0,77
2021-04_FRDC_BOSS,C1006,-30.29445667,115.0038433,16/04/2021,14:27:31,Jurien,NA,Moderate,Top,0,100,0.951219512,1.116942691,0,39,0,0,0,39,0,78
2021-04_FRDC_BOSS,C1037,-30.28288,115.0091633,16/04/2021,14:38:25,Jurien,NA,Poor,Top,0,100,0.025,0.158113883,0,0,0,0,0,65,0,65
2021-04_FRDC_BOSS,C1014,-30.28052667,115.00956,16/04/2021,14:47:40,Jurien,NA,Moderate,Top,0,100,3,0,0,0,80,0,0,0,0,80
2021-04_FRDC_BOSS,C1029,-30.276285,115.0081483,16/04/2021,14:55:56,Jurien,NA,Moderate,Top,0,100,3.117647059,1.264077881,0,66,2,0,0,0,8,76
2021-04_FRDC_BOSS,C1115,-29.61921,114.8660983,17/04/2021,7:28:01,Freshwater,NA,Moderate,Bottom,0,100,2.744186047,0.758853247,0,57,0,0,0,6,2,65
2021-04_FRDC_BOSS,C1139,-29.61935,114.8818383,17/04/2021,7:38:58,Freshwater,NA,Moderate,Bottom,0,100,1.125,0.64797515,0,11,0,0,0,53,4,68
2021-04_FRDC_BOSS,C1111,-29.61109167,114.884385,17/04/2021,7:48:04,Freshwater,NA,Moderate,Bottom,0,100,3,0,0,39,0,0,0,0,10,49
2021-04_FRDC_BOSS,C1144,-29.63331333,114.8966283,17/04/2021,8:02:20,Freshwater,NA,Good,Bottom,0,100,3,0,0,75,0,0,0,0,2,77
2021-04_FRDC_BOSS,C1152,-29.63782,114.9161467,17/04/2021,8:27:59,Freshwater,NA,Moderate,Top,0,100,2.409090909,0.583421417,2,56,0,0,0,6,4,68
2021-04_FRDC_BOSS,C1116,-29.65019,114.9259833,17/04/2021,8:38:37,Freshwater,NA,Moderate,Top,0,100,1.47826087,0.690865172,0,27,0,0,0,47,1,75
2021-04_FRDC_BOSS,C1156,-29.64803667,114.9305067,17/04/2021,8:46:26,Freshwater,NA,Good,Top,0,100,0,0,0,0,0,0,0,76,0,76
2021-04_FRDC_BOSS,C1124,-29.640255,114.9316,17/04/2021,8:55:19,Freshwater,NA,Good,Top,0,100,0.395348837,0.494711791,0,3,0,0,0,77,0,80
2021-04_FRDC_BOSS,C1140,-29.63549167,114.932415,17/04/2021,9:02:50,Freshwater,NA,Good,Top,0,100,0.111111111,0.317820863,0,1,0,0,0,78,0,79
2021-04_FRDC_BOSS,C1112,-29.633,114.926655,17/04/2021,9:10:23,Freshwater,NA,Good,Top,0,100,3,0,2,70,0,0,0,0,0,72
2021-04_FRDC_BOSS,C1123,-29.62003,114.9102583,17/04/2021,9:24:59,Freshwater,NA,Moderate,Top,0,100,0.98,0.588668508,4,24,0,0,0,47,4,79
2021-04_FRDC_BOSS,C1121,-29.61769667,114.921095,17/04/2021,9:34:04,Freshwater,NA,Moderate,Top,0,100,0.533333333,0.504524979,2,7,0,0,0,70,0,79
2021-04_FRDC_BOSS,C1137,-29.60843833,114.9161633,17/04/2021,9:45:05,Freshwater,NA,Moderate,Top,0,100,2.326530612,0.554818105,0,64,0,0,0,5,3,72
2021-04_FRDC_BOSS,C1114,-29.60111167,114.91982,17/04/2021,9:53:57,Freshwater,NA,Moderate,Top,0,100,1.765957447,1.087733302,0,41,0,0,0,36,0,77
2021-04_FRDC_BOSS,C1109,-29.60660833,114.9296367,17/04/2021,10:02:50,Freshwater,NA,Good,Top,0,100,0.214285714,0.415299732,0,0,0,0,0,73,6,79
2021-04_FRDC_BOSS,C1149,-29.61295167,114.93555,17/04/2021,10:11:40,Freshwater,NA,Moderate,Top,0,100,3,0,2,63,0,0,0,0,3,68
2021-04_FRDC_BOSS,C1133,-29.61715333,114.9345633,17/04/2021,10:19:59,Freshwater,NA,Moderate,Top,0,100,3,0,1,53,0,0,0,0,20,74
2021-04_FRDC_BOSS,C1130,-29.62281,114.9439067,17/04/2021,10:30:26,Freshwater,NA,Good,Top,0,100,0.066666667,0.25226249,0,1,0,0,0,79,0,80
2021-04_FRDC_BOSS,C1134,-29.62563333,114.9469267,17/04/2021,10:39:25,Freshwater,NA,Good,Top,0,100,2.92,0.274047516,0,3,64,0,0,0,5,72
2021-04_FRDC_BOSS,C1146,-29.62768333,114.9544083,17/04/2021,10:47:48,Freshwater,NA,Moderate,Top,0,100,2.789473684,0.452644693,0,0,70,0,0,2,5,77
2021-04_FRDC_BOSS,C1148,-29.63357167,114.95575,17/04/2021,10:56:06,Freshwater,NA,Moderate,Top,0,100,3,0,6,25,27,0,0,0,13,71
2021-04_FRDC_BOSS,C1120,-29.64035167,114.9592067,17/04/2021,11:04:21,Freshwater,NA,Good,Top,0,100,2.883333333,0.415450202,23,23,29,0,0,0,3,78
2021-04_FRDC_BOSS,C1132,-29.64121,114.95114,17/04/2021,11:12:20,Freshwater,NA,Moderate,Top,0,100,2.70212766,0.507118613,0,43,27,0,0,1,9,80
2021-04_FRDC_BOSS,C1108,-29.63505167,114.9489733,17/04/2021,11:20:09,Freshwater,NA,Moderate,Top,0,100,2.040816327,0.199914948,0,21,41,0,0,6,6,74
2021-04_FRDC_BOSS,C1113,-29.62359167,114.9576317,17/04/2021,11:30:32,Freshwater,NA,Good,Top,0,100,0.05,0.220721428,0,0,0,0,0,79,0,79
2021-04_FRDC_BOSS,C1118,-29.61921167,114.9570683,17/04/2021,11:38:12,Freshwater,NA,Good,Top,0,100,1.72,0.572855362,0,0,56,0,0,21,1,78
2021-04_FRDC_BOSS,C1110,-29.61542333,114.9555117,17/04/2021,11:45:20,Freshwater,NA,Good,Top,0,100,2.383333333,0.613179175,0,17,44,0,0,15,4,80
2021-04_FRDC_BOSS,C1153,-29.618425,114.9655733,17/04/2021,11:54:23,Freshwater,NA,Good,Top,0,100,3,0,0,1,67,0,0,0,12,80
2021-04_FRDC_BOSS,C1157,-29.61612167,114.9679033,17/04/2021,12:02:53,Freshwater,NA,Good,Top,0,100,3,0,0,0,79,0,0,0,0,79
2021-04_FRDC_BOSS,C1150,-29.60561,114.9505817,17/04/2021,12:14:53,Freshwater,NA,Moderate,Top,0,100,3,0,0,1,67,0,0,0,10,78
2021-04_FRDC_BOSS,C1102,-29.604805,114.960545,17/04/2021,12:24:49,Freshwater,NA,Moderate,Top,0,100,3,0,0,11,60,0,0,0,0,71
2021-04_FRDC_BOSS,C1107,-29.601305,114.9695233,17/04/2021,12:35:58,Freshwater,NA,Good,Top,0,100,2.5,0.677630927,23,2,39,0,0,0,3,67
2021-04_FRDC_BOSS,C1104,-29.593925,114.9705517,17/04/2021,12:46:19,Freshwater,NA,Good,Top,0,100,3,0,5,0,69,0,0,0,0,74
2021-04_FRDC_BOSS,C1147,-29.592925,114.9585817,17/04/2021,12:56:47,Freshwater,NA,Good,Top,0,100,3,0,1,67,0,0,0,0,12,80
2021-04_FRDC_BOSS,NA,-29.59291,114.9581633,17/04/2021,13:03:43,Freshwater,NA,Moderate,Top,NA,NA,NA,NA,NA,NA,NA,NA,NA,NA,NA,NA
2021-04_FRDC_BOSS,C1131,-29.59055,114.9519283,17/04/2021,13:12:02,Freshwater,NA,Moderate,Top,0,100,2.875,0.333711906,12,45,8,0,0,0,13,78
2021-04_FRDC_BOSS,C1119,-29.582885,114.9615133,17/04/2021,13:21:30,Freshwater,NA,Moderate,Top,0,100,3,0,12,53,11,0,0,1,0,77
2021-04_FRDC_BOSS,C1135,-29.57744,114.9685667,17/04/2021,13:29:29,Freshwater,NA,Moderate,Top,1.25,98.75,3,0,6,17,37,0,0,0,7,67
2021-04_FRDC_BOSS,C1129,-29.56654833,114.965235,17/04/2021,13:38:47,Freshwater,NA,Moderate,Top,0,100,1.9,0.303045763,0,17,37,0,0,17,7,78
2021-04_FRDC_BOSS,C1145,-29.56171167,114.969155,17/04/2021,13:46:10,Freshwater,NA,Good,Top,0,100,2.9,0.303045763,0,1,70,0,0,0,4,75
2021-04_FRDC_BOSS,C1105,-29.56565833,114.960225,17/04/2021,13:54:41,Freshwater,NA,Moderate,Top,0,100,1.781818182,0.685590016,0,17,35,0,0,23,3,78
2021-04_FRDC_BOSS,C1101,-29.56796333,114.951835,17/04/2021,14:02:48,Freshwater,NA,Moderate,Top,0,100,3,0,0,70,0,0,0,0,0,70
2021-04_FRDC_BOSS,C1103,-29.57497667,114.9550617,17/04/2021,14:11:06,Freshwater,NA,Moderate,Top,0,100,0.898305085,0.781133466,0,0,19,0,0,59,2,80
2021-04_FRDC_BOSS,C1158,-29.57772667,114.9487883,17/04/2021,14:18:41,Freshwater,NA,Moderate,Top,0,100,2.090909091,0.674199862,0,57,0,0,0,17,5,79
2021-04_FRDC_BOSS,C1142,-29.59072,114.9368567,17/04/2021,14:29:18,Freshwater,NA,Moderate,Top,0,100,2.966101695,0.182520825,0,1,75,0,0,1,2,79
2021-04_FRDC_BOSS,C1126,-29.59676333,114.930835,17/04/2021,14:37:30,Freshwater,NA,Good,Top,0,100,0,0,0,0,0,0,0,80,0,80
2021-04_FRDC_BOSS,C1143,-29.59317667,114.9074783,17/04/2021,14:50:20,Freshwater,NA,Moderate,Top,0,100,3,0,0,69,0,0,0,1,1,71
2021-04_FRDC_BOSS,C1122,-29.58419667,114.9141833,17/04/2021,14:59:54,Freshwater,NA,Moderate,Top,0,100,1.071428571,0.491122009,0,20,0,0,0,58,1,79
2021-04_FRDC_BOSS,C1127,-29.57926333,114.9078867,17/04/2021,15:07:37,Freshwater,NA,Poor,Top,0,100,3,0,0,74,0,0,0,0,0,74
2021-04_FRDC_BOSS,C1154,-29.57228,114.93618,17/04/2021,15:19:36,Freshwater,NA,Moderate,Top,0,100,3,0,0,69,0,0,0,0,10,79
2021-04_FRDC_BOSS,C1117,-29.56967333,114.9322067,17/04/2021,15:26:56,Freshwater,NA,Moderate,Top,0,100,0,0,0,0,0,0,0,75,0,75
2021-04_FRDC_BOSS,C1229,-29.20266333,114.8295833,18/04/2021,6:59:52,Dongara,NA,Very Poor,NA,NA,NA,NA,NA,NA,NA,NA,NA,NA,NA,NA,NA
2021-04_FRDC_BOSS,C1201,-29.191875,114.8312433,18/04/2021,7:09:39,Dongara,NA,Very Poor,NA,NA,NA,NA,NA,NA,NA,NA,NA,NA,NA,NA,NA
2021-04_FRDC_BOSS,C1233,-29.17491167,114.8337217,18/04/2021,7:20:51,Dongara,NA,Very Poor,NA,NA,NA,NA,NA,NA,NA,NA,NA,NA,NA,NA,NA
2021-04_FRDC_BOSS,C1217,-29.17176667,114.8219667,18/04/2021,7:29:41,Dongara,NA,Very Poor,NA,NA,NA,NA,NA,NA,NA,NA,NA,NA,NA,NA,NA
2021-04_FRDC_BOSS,C1257,-29.15596833,114.8246033,18/04/2021,7:39:59,Dongara,NA,Very Poor,NA,NA,NA,NA,NA,NA,NA,NA,NA,NA,NA,NA,NA
2021-04_FRDC_BOSS,C1253,-29.151695,114.816645,18/04/2021,7:48:20,Dongara,NA,Very Poor,NA,NA,NA,NA,NA,NA,NA,NA,NA,NA,NA,NA,NA
2021-04_FRDC_BOSS,C1213,-29.156655,114.809025,18/04/2021,7:56:30,Dongara,NA,Very Poor,NA,NA,NA,NA,NA,NA,NA,NA,NA,NA,NA,NA,NA
2021-04_FRDC_BOSS,C1221,-29.14994667,114.7972417,18/04/2021,8:06:01,Dongara,NA,Very Poor,NA,NA,NA,NA,NA,NA,NA,NA,NA,NA,NA,NA,NA
2021-04_FRDC_BOSS,C1237,-29.15695833,114.7839133,18/04/2021,8:15:00,Dongara,NA,Very Poor,NA,NA,NA,NA,NA,NA,NA,NA,NA,NA,NA,NA,NA
2021-04_FRDC_BOSS,C1249,-29.13977333,114.7811067,18/04/2021,8:27:13,Dongara,NA,Very Poor,NA,NA,NA,NA,NA,NA,NA,NA,NA,NA,NA,NA,NA
2021-04_FRDC_BOSS,C1230,-29.13458167,114.792,18/04/2021,8:37:25,Dongara,NA,Very Poor,NA,NA,NA,NA,NA,NA,NA,NA,NA,NA,NA,NA,NA
2021-04_FRDC_BOSS,C1218,-29.12854667,114.7870067,18/04/2021,8:45:37,Dongara,NA,Very Poor,NA,NA,NA,NA,NA,NA,NA,NA,NA,NA,NA,NA,NA
2021-04_FRDC_BOSS,C1206,-29.11286667,114.7886933,18/04/2021,8:56:12,Dongara,NA,Very Poor,NA,NA,NA,NA,NA,NA,NA,NA,NA,NA,NA,NA,NA
2021-04_FRDC_BOSS,C1246,-29.11039,114.7927883,18/04/2021,9:03:36,Dongara,NA,Very Poor,NA,NA,NA,NA,NA,NA,NA,NA,NA,NA,NA,NA,NA
2021-04_FRDC_BOSS,C1202,-29.10701167,114.78446,18/04/2021,9:12:18,Dongara,NA,Very Poor,NA,NA,NA,NA,NA,NA,NA,NA,NA,NA,NA,NA,NA
2021-04_FRDC_BOSS,C1254,-29.09700833,114.7965717,18/04/2021,9:22:28,Dongara,NA,Very Poor,NA,NA,NA,NA,NA,NA,NA,NA,NA,NA,NA,NA,NA
2021-04_FRDC_BOSS,C1226,-29.10206167,114.8354033,18/04/2021,9:37:56,Dongara,NA,Very Poor,NA,NA,NA,NA,NA,NA,NA,NA,NA,NA,NA,NA,NA
2021-04_FRDC_BOSS,C1248,-29.09320333,114.8403167,18/04/2021,9:47:11,Dongara,NA,Very Poor,NA,NA,NA,NA,NA,NA,NA,NA,NA,NA,NA,NA,NA
2021-04_FRDC_BOSS,C1208,-29.09451667,114.853135,18/04/2021,9:56:49,Dongara,NA,Very Poor,NA,NA,NA,NA,NA,NA,NA,NA,NA,NA,NA,NA,NA
2021-04_FRDC_BOSS,C1236,-29.101975,114.8586,18/04/2021,10:05:47,Dongara,NA,Very Poor,NA,NA,NA,NA,NA,NA,NA,NA,NA,NA,NA,NA,NA
2021-04_FRDC_BOSS,C1256,-29.10514833,114.8556067,18/04/2021,10:12:56,Dongara,NA,Very Poor,NA,NA,NA,NA,NA,NA,NA,NA,NA,NA,NA,NA,NA
2021-04_FRDC_BOSS,C1244,-29.10609667,114.8530833,18/04/2021,10:19:41,Dongara,NA,Very Poor,NA,NA,NA,NA,NA,NA,NA,NA,NA,NA,NA,NA,NA
2021-04_FRDC_BOSS,C1216,-29.10776,114.86048,18/04/2021,10:27:25,Dongara,NA,Very Poor,NA,NA,NA,NA,NA,NA,NA,NA,NA,NA,NA,NA,NA
2021-04_FRDC_BOSS,C1224,-29.11486,114.8574217,18/04/2021,10:35:22,Dongara,NA,Very Poor,NA,NA,NA,NA,NA,NA,NA,NA,NA,NA,NA,NA,NA
2021-04_FRDC_BOSS,C1240,-29.11441833,114.867985,18/04/2021,10:44:33,Dongara,NA,Very Poor,NA,NA,NA,NA,NA,NA,NA,NA,NA,NA,NA,NA,NA
2021-04_FRDC_BOSS,C1212,-29.11909167,114.8699933,18/04/2021,10:59:23,Dongara,NA,Very Poor,NA,NA,NA,NA,NA,NA,NA,NA,NA,NA,NA,NA,NA
2021-04_FRDC_BOSS,C1252,-29.13441333,114.8632617,18/04/2021,11:10:05,Dongara,NA,Very Poor,NA,NA,NA,NA,NA,NA,NA,NA,NA,NA,NA,NA,NA
2021-04_FRDC_BOSS,C1259,-29.14902,114.8799017,18/04/2021,11:22:17,Dongara,NA,Very Poor,NA,NA,NA,NA,NA,NA,NA,NA,NA,NA,NA,NA,NA
2021-04_FRDC_BOSS,C1232,-29.154165,114.8827067,18/04/2021,11:31:02,Dongara,NA,Very Poor,NA,NA,NA,NA,NA,NA,NA,NA,NA,NA,NA,NA,NA
2021-04_FRDC_BOSS,C1204,-29.160355,114.883915,18/04/2021,11:40:59,Dongara,NA,Very Poor,NA,NA,NA,NA,NA,NA,NA,NA,NA,NA,NA,NA,NA
2021-04_FRDC_BOSS,C1223,-29.16587833,114.8647167,18/04/2021,12:01:52,Dongara,NA,Very Poor,NA,NA,NA,NA,NA,NA,NA,NA,NA,NA,NA,NA,NA
2021-04_FRDC_BOSS,C1247,-29.17750833,114.8739183,18/04/2021,12:12:03,Dongara,NA,Very Poor,NA,NA,NA,NA,NA,NA,NA,NA,NA,NA,NA,NA,NA
2021-04_FRDC_BOSS,C1207,-29.17399667,114.8827317,18/04/2021,12:21:32,Dongara,NA,Very Poor,NA,NA,NA,NA,NA,NA,NA,NA,NA,NA,NA,NA,NA
2021-04_FRDC_BOSS,C1258,-29.190235,114.8886667,18/04/2021,12:34:08,Dongara,NA,Very Poor,NA,NA,NA,NA,NA,NA,NA,NA,NA,NA,NA,NA,NA
2021-04_FRDC_BOSS,C1231,-29.19689667,114.8876133,18/04/2021,12:42:14,Dongara,NA,Very Poor,NA,NA,NA,NA,NA,NA,NA,NA,NA,NA,NA,NA,NA
2021-04_FRDC_BOSS,C1243,-29.19903667,114.8591017,18/04/2021,12:56:38,Dongara,NA,Very Poor,NA,NA,NA,NA,NA,NA,NA,NA,NA,NA,NA,NA,NA
2021-04_FRDC_BOSS,C1255,-29.19342167,114.84844,18/04/2021,13:05:41,Dongara,NA,Very Poor,NA,NA,NA,NA,NA,NA,NA,NA,NA,NA,NA,NA,NA
2021-04_FRDC_BOSS,C1227,-29.18812333,114.8577683,18/04/2021,13:16:43,Dongara,NA,Very Poor,NA,NA,NA,NA,NA,NA,NA,NA,NA,NA,NA,NA,NA
2021-04_FRDC_BOSS,C1215,-29.18316167,114.8467567,18/04/2021,13:25:45,Dongara,NA,Very Poor,NA,NA,NA,NA,NA,NA,NA,NA,NA,NA,NA,NA,NA
2021-04_FRDC_BOSS,C1239,-29.17797833,114.8552933,18/04/2021,13:34:06,Dongara,NA,Very Poor,NA,NA,NA,NA,NA,NA,NA,NA,NA,NA,NA,NA,NA
2021-04_FRDC_BOSS,C1211,-29.15836333,114.8495217,18/04/2021,13:46:00,Dongara,NA,Very Poor,NA,NA,NA,NA,NA,NA,NA,NA,NA,NA,NA,NA,NA
2021-04_FRDC_BOSS,C1251,-29.15972667,114.841835,18/04/2021,13:54:29,Dongara,NA,Very Poor,NA,NA,NA,NA,NA,NA,NA,NA,NA,NA,NA,NA,NA
2021-04_FRDC_BOSS,C1219,-29.15200833,114.843735,18/04/2021,14:02:27,Dongara,NA,Very Poor,NA,NA,NA,NA,NA,NA,NA,NA,NA,NA,NA,NA,NA
2021-04_FRDC_BOSS,C1225,-29.137095,114.82305,18/04/2021,14:14:58,Dongara,NA,Very Poor,NA,NA,NA,NA,NA,NA,NA,NA,NA,NA,NA,NA,NA
2021-04_FRDC_BOSS,C122,-28.66825833,113.7495417,21/04/2021,7:09:42,Easter Island,Abrolhos,Moderate,Bottom,0,100,1.277777778,1.419761695,0,11,0,0,0,59,6,76
2021-04_FRDC_BOSS,C151,-28.63497667,113.7302167,21/04/2021,7:30:05,Easter Island,Abrolhos,Good,Bottom,0,100,0.975,0.158113883,0,10,0,0,0,50,2,62
2021-04_FRDC_BOSS,C153,-28.62485833,113.7138383,21/04/2021,7:42:39,Easter Island,Abrolhos,Moderate,Bottom,0,100,0.860465116,0.467077813,0,6,0,0,0,50,4,60
2021-04_FRDC_BOSS,C164,-28.62114833,113.7123717,21/04/2021,7:51:20,Easter Island,Abrolhos,Good,Bottom,0,100,0.815789474,0.392859452,0,1,0,0,0,61,0,62
2021-04_FRDC_BOSS,C137,-28.62417833,113.6943533,21/04/2021,8:04:04,Easter Island,Abrolhos,Good,Bottom,0,100,0.973684211,0.162221421,0,14,0,0,0,44,0,58
2021-04_FRDC_BOSS,C109,-28.643595,113.68535,21/04/2021,8:19:37,Easter Island,Abrolhos,Good,Bottom,1.25,98.75,2.452830189,0.889382624,0,57,0,0,0,15,3,75
2021-04_FRDC_BOSS,C102,-28.65240333,113.67594,21/04/2021,8:31:01,Easter Island,Abrolhos,Moderate,Bottom,0,100,2.977272727,0.150755672,3,47,0,0,0,0,0,50
2021-04_FRDC_BOSS,C145,-28.64113167,113.6631733,21/04/2021,8:43:15,Easter Island,Abrolhos,Moderate,Bottom,2.5,97.5,3,0,0,62,0,1,0,0,2,65
2021-04_FRDC_BOSS,C161,-28.64647833,113.6469267,21/04/2021,8:55:34,Easter Island,Abrolhos,Good,Bottom,0,100,1,0,8,44,0,0,0,10,6,68
2021-04_FRDC_BOSS,C113,-28.66803167,113.6529917,21/04/2021,9:15:20,Easter Island,Abrolhos,Good,Bottom,0,100,3,0,0,64,0,0,0,0,0,64
2021-04_FRDC_BOSS,C129,-28.66275,113.6637783,21/04/2021,9:29:36,Easter Island,Abrolhos,Good,Bottom,0,100,0,0,0,0,0,0,0,63,0,63
2021-04_FRDC_BOSS,C125,-28.67442667,113.6678383,21/04/2021,9:51:46,Easter Island,Abrolhos,Good,Bottom,0,100,0,0,0,0,0,0,0,65,0,65
2021-04_FRDC_BOSS,C141,-28.67732,113.67327,21/04/2021,10:01:28,Easter Island,Abrolhos,Moderate,Bottom,0,100,3,0,0,65,0,0,0,0,3,68
2021-04_FRDC_BOSS,C157,-28.69342333,113.6816533,21/04/2021,10:15:36,Easter Island,Abrolhos,Moderate,Bottom,0,100,3,0,0,67,0,0,0,0,0,67
2021-04_FRDC_BOSS,C111,-28.70678,113.66787,21/04/2021,10:28:25,Easter Island,Abrolhos,Moderate,Bottom,0,100,2.428571429,0.828078671,0,58,0,0,0,14,0,72
2021-04_FRDC_BOSS,C139,-28.70555333,113.6907367,21/04/2021,10:41:05,Easter Island,Abrolhos,Moderate,Bottom,0,100,2.815384615,0.808012757,0,56,0,0,0,21,3,80
2021-04_FRDC_BOSS,C155,-28.70271833,113.699075,21/04/2021,10:49:55,Easter Island,Abrolhos,Moderate,Bottom,0,100,3,0,0,61,3,0,0,0,0,64
2021-04_FRDC_BOSS,C107,-28.69966,113.7006667,21/04/2021,10:57:24,Easter Island,Abrolhos,Good,Bottom,0,100,3,0,0,72,0,0,0,0,1,73
2021-04_FRDC_BOSS,C148,-28.70466667,113.720065,21/04/2021,11:08:58,Easter Island,Abrolhos,Moderate,Bottom,0,100,3,0,0,54,0,0,0,0,0,54
2021-04_FRDC_BOSS,C132,-28.70259,113.7237883,21/04/2021,11:16:56,Easter Island,Abrolhos,Moderate,Bottom,3.75,96.25,3,0,0,43,0,0,0,0,19,62
2021-04_FRDC_BOSS,C116,-28.703925,113.728585,21/04/2021,11:24:50,Easter Island,Abrolhos,Moderate,Bottom,0,100,2.538461538,0.505035374,0,0,49,0,0,4,10,63
2021-04_FRDC_BOSS,C144,-28.70461167,113.7483533,21/04/2021,11:40:23,Easter Island,Abrolhos,Moderate,Bottom,0,100,2.675,0.474341649,0,57,0,0,0,4,2,63
2021-04_FRDC_BOSS,C147,-28.71005167,113.7559867,21/04/2021,11:50:38,Easter Island,Abrolhos,Moderate,Bottom,0,100,0.5,0.506369684,0,1,0,0,0,61,0,62
2021-04_FRDC_BOSS,C112,-28.71192833,113.7578167,21/04/2021,11:57:05,Easter Island,Abrolhos,Moderate,Bottom,0,100,0.525,0.505736325,0,1,0,0,0,58,2,61
2021-04_FRDC_BOSS,C115,-28.71144167,113.7702833,21/04/2021,12:06:29,Easter Island,Abrolhos,Moderate,Bottom,0,100,0,0,0,0,0,0,0,64,0,64
2021-04_FRDC_BOSS,C131,-28.706035,113.771805,21/04/2021,12:15:18,Easter Island,Abrolhos,Moderate,Bottom,0,100,1.9,0.744208408,0,42,2,0,0,13,4,61
2021-04_FRDC_BOSS,C136,-28.70408167,113.769245,21/04/2021,12:29:32,Easter Island,Abrolhos,Moderate,Bottom,0,100,0.875,0.334932064,0,8,0,0,0,52,0,60
2021-04_FRDC_BOSS,C156,-28.69938333,113.75273,21/04/2021,12:51:42,Easter Island,Abrolhos,Moderate,Bottom,0,100,1,0,0,0,0,0,0,70,6,76
2021-04_FRDC_BOSS,C160,-28.69750333,113.7420267,21/04/2021,13:01:50,Easter Island,Abrolhos,Good,Bottom,0,100,0.083333333,0.279310194,0,1,0,0,0,61,0,62
2021-04_FRDC_BOSS,C128,-28.69641667,113.7460133,21/04/2021,13:09:47,Easter Island,Abrolhos,Good,Bottom,0,100,0.025,0.158113883,0,0,0,0,0,64,0,64
2021-04_FRDC_BOSS,C150,-28.68822,113.7509317,21/04/2021,13:22:15,Easter Island,Abrolhos,Moderate,Bottom,0,100,1.962962963,1.670645147,0,29,0,0,0,46,0,75
2021-04_FRDC_BOSS,C110,-28.69096667,113.7529017,21/04/2021,13:31:37,Easter Island,Abrolhos,Moderate,Bottom,0,100,3,0,0,80,0,0,0,0,0,80
2021-04_FRDC_BOSS,C106,-28.685385,113.7424983,21/04/2021,13:43:11,Easter Island,Abrolhos,Moderate,Bottom,3.797468354,96.20253165,2.593220339,0.646439694,1,53,0,0,0,8,7,69
2021-04_FRDC_BOSS,C138,-28.68309667,113.7237233,21/04/2021,13:55:44,Easter Island,Abrolhos,Moderate,Bottom,0,100,1.463414634,0.71054771,0,21,0,0,0,44,2,67
2021-04_FRDC_BOSS,C134,-28.67432167,113.7173283,21/04/2021,14:06:27,Easter Island,Abrolhos,Moderate,Bottom,1.25,98.75,3.372881356,0.785609912,0,58,0,0,0,0,12,70
2021-04_FRDC_BOSS,C105,-28.68613,113.708885,21/04/2021,14:16:25,Easter Island,Abrolhos,Moderate,Bottom,1.25,98.75,2.857142857,0.353553391,0,65,0,0,0,0,1,66
2021-04_FRDC_BOSS,C149,-28.68302,113.699475,21/04/2021,14:24:50,Easter Island,Abrolhos,Moderate,Bottom,0,100,3,0,0,62,0,0,0,0,3,65
2021-04_FRDC_BOSS,C101,-28.67043333,113.6892767,21/04/2021,14:34:43,Easter Island,Abrolhos,Moderate,Bottom,0,100,2.446808511,0.973753621,0,55,0,0,0,0,0,55
2021-04_FRDC_BOSS,C117,-28.66088667,113.6977167,21/04/2021,14:44:29,Easter Island,Abrolhos,Good,Bottom,0,100,0,0,0,0,0,0,0,71,0,71
2021-04_FRDC_BOSS,C133,-28.66535,113.714095,21/04/2021,14:56:06,Easter Island,Abrolhos,Good,Bottom,0,100,3.028985507,0.168994822,0,77,0,0,0,0,2,79
2021-04_FRDC_BOSS,C121,-28.65376167,113.7142717,21/04/2021,15:06:52,Easter Island,Abrolhos,Good,Bottom,2.5,97.5,1,0,0,58,0,3,0,0,5,66
2021-04_FRDC_BOSS,C135,-28.65653833,113.7221433,21/04/2021,15:15:50,Easter Island,Abrolhos,Good,Bottom,0,100,1.688888889,1.489695244,0,37,0,0,0,30,0,67
2021-04_FRDC_BOSS,C154,-28.67905667,113.7626733,21/04/2021,15:36:30,Easter Island,Abrolhos,Good,Bottom,0,100,3.609756098,1.137498325,7,0,0,0,39,14,3,63
2021-04_FRDC_BOSS,C142,-28.68607667,113.7647367,21/04/2021,15:49:23,Easter Island,Abrolhos,Moderate,Bottom,0,100,3.106382979,0.311660528,7,45,0,0,0,0,12,64
2021-04_FRDC_BOSS,C162,-28.69155167,113.7649717,21/04/2021,15:59:01,Easter Island,Abrolhos,Moderate,Bottom,0,100,0.957446809,0.204029709,1,13,0,0,0,41,2,57
2021-04_FRDC_BOSS,C146,-28.692405,113.762905,21/04/2021,16:09:13,Easter Island,Abrolhos,Good,Bottom,0,100,1.023809524,0.517408893,2,0,0,1,0,56,6,65
2021-04_FRDC_BOSS,C130,-28.69304333,113.7639267,21/04/2021,16:16:55,Easter Island,Abrolhos,Moderate,Bottom,0,100,1.9,0.900142439,5,31,0,0,0,11,13,60
2021-04_FRDC_BOSS,C127,-28.69511667,113.7700783,21/04/2021,16:30:50,Easter Island,Abrolhos,Moderate,Bottom,0,100,0.95,0.220721428,4,0,0,0,0,58,9,71
2021-04_FRDC_BOSS,C108,-28.69677333,113.76865,21/04/2021,16:38:40,Easter Island,Abrolhos,Moderate,Bottom,0,100,1.632653061,1.333758436,3,0,0,0,16,30,21,70
2021-04_FRDC_BOSS,C143,-28.69702833,113.771,21/04/2021,16:46:33,Easter Island,Abrolhos,Moderate,Bottom,0,100,1,0,0,0,0,0,0,62,1,63
2021-04_FRDC_BOSS,C256,-28.437105,113.6883667,22/04/2021,6:58:37,Wallabi Island,Abrolhos,Good,Top,0,100,0.62,0.725342987,0,8,0,0,0,67,5,80
2021-04_FRDC_BOSS,C240,-28.43905667,113.6938917,22/04/2021,7:06:47,Wallabi Island,Abrolhos,Good,Top,0,100,0.02,0.141421356,0,1,0,0,0,79,0,80
2021-04_FRDC_BOSS,C213,-28.43375,113.7017133,22/04/2021,7:15:07,Wallabi Island,Abrolhos,Good,Top,0,100,0,0,0,0,0,0,0,80,0,80
2021-04_FRDC_BOSS,C238,-28.42691333,113.7050483,22/04/2021,7:23:09,Wallabi Island,Abrolhos,Moderate,Top,0,100,3,0,0,74,0,0,0,0,0,74
2021-04_FRDC_BOSS,C220,-28.42461667,113.7124183,22/04/2021,7:31:07,Wallabi Island,Abrolhos,Moderate,Top,0,100,2.018518519,0.879338103,0,36,12,0,0,14,13,75
2021-04_FRDC_BOSS,C203,-28.4169,113.7048133,22/04/2021,7:41:32,Wallabi Island,Abrolhos,Good,Top,0,100,0.033333333,0.181020335,0,0,0,0,0,80,0,80
2021-04_FRDC_BOSS,C205,-28.41365667,113.7076133,22/04/2021,7:50:02,Wallabi Island,Abrolhos,Good,Top,0,100,0,0,0,0,0,0,0,80,0,80
2021-04_FRDC_BOSS,C232,-28.40560667,113.7136467,22/04/2021,7:59:34,Wallabi Island,Abrolhos,Good,Top,0,100,0.142857143,0.352453688,0,0,0,0,0,80,0,80
2021-04_FRDC_BOSS,C245,-28.39655333,113.7047433,22/04/2021,8:11:27,Wallabi Island,Abrolhos,Good,Top,0,100,0.071428571,0.259398891,0,1,0,0,0,79,0,80
2021-04_FRDC_BOSS,C214,-28.409755,113.700605,22/04/2021,8:22:31,Wallabi Island,Abrolhos,Good,Top,0,100,2.736842105,0.720275636,0,70,0,0,0,2,2,74
2021-04_FRDC_BOSS,C207,-28.41184667,113.6931283,22/04/2021,8:31:08,Wallabi Island,Abrolhos,Good,Top,0,100,0,0,0,1,0,0,0,79,0,80
2021-04_FRDC_BOSS,C241,-28.41564333,113.6763917,22/04/2021,8:42:18,Wallabi Island,Abrolhos,Good,Top,0,100,0,0,0,0,0,0,0,80,0,80
2021-04_FRDC_BOSS,C237,-28.39623833,113.6821617,22/04/2021,8:55:42,Wallabi Island,Abrolhos,Good,Top,0,100,1.05,0.746176696,0,12,0,0,0,68,0,80
2021-04_FRDC_BOSS,C258,-28.39555,113.656925,22/04/2021,9:07:42,Wallabi Island,Abrolhos,Good,Top,0,100,1.13559322,0.681216638,0,31,0,0,0,49,0,80
2021-04_FRDC_BOSS,C242,-28.39432667,113.650655,22/04/2021,9:21:54,Wallabi Island,Abrolhos,Good,Top,0,100,0.766666667,0.426521868,0,5,0,0,0,75,0,80
2021-04_FRDC_BOSS,C212,-28.381585,113.6429883,22/04/2021,9:32:32,Wallabi Island,Abrolhos,Good,Top,0,100,0.818181818,0.840874965,0,4,0,0,0,76,0,80
2021-04_FRDC_BOSS,C254,-28.39018333,113.6352433,22/04/2021,9:43:24,Wallabi Island,Abrolhos,Good,Top,0,100,2.555555556,0.924849129,0,52,0,0,0,22,1,75
2021-04_FRDC_BOSS,C243,-28.4169,113.6069017,22/04/2021,9:59:40,Wallabi Island,Abrolhos,Moderate,Top,0,100,3,0,0,69,0,0,0,0,6,75
2021-04_FRDC_BOSS,C259,-28.42822,113.60407,22/04/2021,10:08:57,Wallabi Island,Abrolhos,Good,Top,0,100,2.672413793,0.632120659,0,48,17,0,0,5,3,73
2021-04_FRDC_BOSS,C236,-28.44607,113.6343383,22/04/2021,10:24:24,Wallabi Island,Abrolhos,Moderate,Top,0,100,2.6,0.596284794,0,0,44,0,0,15,17,76
2021-04_FRDC_BOSS,C215,-28.42085167,113.6317733,22/04/2021,10:37:27,Wallabi Island,Abrolhos,Moderate,Top,0,100,1.9,1.446210712,0,47,0,0,0,33,0,80
2021-04_FRDC_BOSS,C226,-28.424115,113.6495917,22/04/2021,10:49:47,Wallabi Island,Abrolhos,Moderate,Top,0,100,3,0,0,52,4,0,0,0,24,80
2021-04_FRDC_BOSS,C211,-28.41806667,113.65175,22/04/2021,10:59:01,Wallabi Island,Abrolhos,Moderate,Top,0,100,1.484848485,1.383889994,0,13,0,0,0,63,4,80
2021-04_FRDC_BOSS,C257,-28.41997,113.67311,22/04/2021,11:17:30,Wallabi Island,Abrolhos,Good,Top,0,100,0.016666667,0.129099445,0,0,0,0,0,80,0,80
2021-04_FRDC_BOSS,C210,-28.422925,113.67652,22/04/2021,11:25:22,Wallabi Island,Abrolhos,Good,Top,0,100,0,0,0,1,0,0,0,79,0,80
2021-04_FRDC_BOSS,C253,-28.40858333,113.6816883,22/04/2021,11:37:43,Wallabi Island,Abrolhos,Moderate,Top,0,100,1.033333333,1.007878569,0,21,0,0,0,60,0,81
2021-04_FRDC_BOSS,C229,-28.40680667,113.6870667,22/04/2021,11:46:52,Wallabi Island,Abrolhos,Moderate,Top,0,100,0.066666667,0.251548874,0,3,0,0,0,77,0,80
2021-04_FRDC_BOSS,C250,-28.418455,113.695055,22/04/2021,12:05:50,Wallabi Island,Abrolhos,Good,Top,0,100,0.971428571,0.239045722,0,4,0,0,0,76,0,80
2021-04_FRDC_BOSS,C222,-28.42366833,113.6953467,22/04/2021,12:15:29,Wallabi Island,Abrolhos,Good,Top,0,100,0.033333333,0.181020335,0,0,0,0,0,80,0,80
2021-04_FRDC_BOSS,C218,-28.42956833,113.6943333,22/04/2021,12:31:31,Wallabi Island,Abrolhos,Good,Top,0,100,0,0,0,1,0,0,0,79,0,80
2021-04_FRDC_BOSS,C234,-28.43103333,113.6885983,22/04/2021,12:39:59,Wallabi Island,Abrolhos,Moderate,Top,0,100,1.15,0.577105577,0,38,0,0,0,24,18,80
2021-04_FRDC_BOSS,C225,-28.4278,113.6726633,22/04/2021,12:52:58,Wallabi Island,Abrolhos,Moderate,Top,0,100,2.82,0.437525509,1,73,0,0,0,3,3,80
2021-04_FRDC_BOSS,C260,-28.43442833,113.6754767,22/04/2021,13:01:46,Wallabi Island,Abrolhos,Good,Top,0,100,2.129032258,1.299228913,0,57,0,0,0,23,0,80
2021-04_FRDC_BOSS,C202,-28.43783833,113.68175,22/04/2021,13:10:00,Wallabi Island,Abrolhos,Moderate,Top,0,100,3,0,0,0,75,0,0,0,0,75
2021-04_FRDC_BOSS,C244,-28.44766333,113.678425,22/04/2021,13:20:06,Wallabi Island,Abrolhos,Poor,Top,0,100,2.975,0.158113883,0,0,29,0,0,0,28,57
2021-04_FRDC_BOSS,C233,-28.44465833,113.66957,22/04/2021,13:32:22,Wallabi Island,Abrolhos,Good,Top,0,100,1.06,1.095631399,0,0,14,0,0,52,5,71
2021-04_FRDC_BOSS,C221,-28.44202167,113.66667,22/04/2021,13:40:03,Wallabi Island,Abrolhos,Moderate,Top,0,100,2.595238095,0.627014755,0,52,6,0,0,3,0,61
2021-04_FRDC_BOSS,C206,-28.43525833,113.6686217,22/04/2021,13:53:45,Wallabi Island,Abrolhos,Moderate,Top,0,100,3,0,0,77,0,0,0,0,0,77
2021-04_FRDC_BOSS,C209,-28.43587667,113.6551183,22/04/2021,14:05:46,Wallabi Island,Abrolhos,Good,Top,0,100,2.968253968,0.176731432,0,78,0,0,0,0,2,80
2021-04_FRDC_BOSS,C247,-28.39340167,113.6082383,22/04/2021,14:38:59,Wallabi Island,Abrolhos,Moderate,Top,0,100,3,0,0,80,0,0,0,0,0,80
2021-04_FRDC_BOSS,C231,-28.39103,113.6166283,22/04/2021,14:49:42,Wallabi Island,Abrolhos,Moderate,Top,0,100,2.783333333,0.613179175,0,67,0,0,0,13,0,80
2021-04_FRDC_BOSS,C251,-28.38639167,113.6023033,22/04/2021,14:59:41,Wallabi Island,Abrolhos,Moderate,Top,0,100,2.949152542,0.221571878,0,68,0,0,0,0,0,68
2021-04_FRDC_BOSS,C230,-28.38368333,113.5779033,22/04/2021,15:13:36,Wallabi Island,Abrolhos,Moderate,Top,1.25,98.75,3,0,0,70,0,0,0,0,10,80
2021-04_FRDC_BOSS,C208,-28.364085,113.5855467,22/04/2021,15:25:00,Wallabi Island,Abrolhos,Good,Top,0,100,0,0,0,1,0,0,0,79,0,80
2021-04_FRDC_BOSS,C235,-28.37162,113.6130283,22/04/2021,15:40:27,Wallabi Island,Abrolhos,Poor,Top,0,100,2.78,0.736511357,0,78,0,0,0,2,0,80
2021-04_FRDC_BOSS,C255,-28.348225,113.6015,22/04/2021,15:53:45,Wallabi Island,Abrolhos,Good,Top,0,100,1.25862069,0.441701051,0,43,0,0,0,32,0,75
2021-04_FRDC_BOSS,C219,-28.34593167,113.6045017,22/04/2021,16:01:25,Wallabi Island,Abrolhos,Moderate,Top,0,100,2.73015873,0.652695384,0,62,0,0,0,8,0,70
2021-04_FRDC_BOSS,C204,-28.33803333,113.601715,22/04/2021,16:10:17,Wallabi Island,Abrolhos,Good,Top,0,100,0.2,0.403375587,0,0,1,0,0,79,0,80
2021-04_FRDC_BOSS,C452,-27.760665,114.1145217,23/04/2021,7:00:30,Kalbarri,NA,Very Poor,NA,NA,NA,NA,NA,NA,NA,NA,NA,NA,NA,NA,NA
2021-04_FRDC_BOSS,C444,-27.75295333,114.124775,23/04/2021,7:10:06,Kalbarri,NA,Very Poor,NA,NA,NA,NA,NA,NA,NA,NA,NA,NA,NA,NA,NA
2021-04_FRDC_BOSS,C409,-27.74638833,114.1099317,23/04/2021,7:20:36,Kalbarri,NA,Very Poor,NA,NA,NA,NA,NA,NA,NA,NA,NA,NA,NA,NA,NA
2021-04_FRDC_BOSS,C428,-27.73842167,114.1136467,23/04/2021,7:29:43,Kalbarri,NA,Very Poor,NA,NA,NA,NA,NA,NA,NA,NA,NA,NA,NA,NA,NA
2021-04_FRDC_BOSS,C433,-27.74490167,114.11928,23/04/2021,7:38:23,Kalbarri,NA,Very Poor,NA,NA,NA,NA,NA,NA,NA,NA,NA,NA,NA,NA,NA
2021-04_FRDC_BOSS,C460,-27.74570333,114.1299567,23/04/2021,7:47:06,Kalbarri,NA,Very Poor,NA,NA,NA,NA,NA,NA,NA,NA,NA,NA,NA,NA,NA
2021-04_FRDC_BOSS,C456,-27.72620667,114.1378283,23/04/2021,7:59:17,Kalbarri,NA,Very Poor,NA,NA,NA,NA,NA,NA,NA,NA,NA,NA,NA,NA,NA
2021-04_FRDC_BOSS,C440,-27.724985,114.1191267,23/04/2021,8:09:59,Kalbarri,NA,Very Poor,NA,NA,NA,NA,NA,NA,NA,NA,NA,NA,NA,NA,NA
2021-04_FRDC_BOSS,C436,-27.72042,114.127055,23/04/2021,8:18:51,Kalbarri,NA,Very Poor,NA,NA,NA,NA,NA,NA,NA,NA,NA,NA,NA,NA,NA
2021-04_FRDC_BOSS,C420,-27.713865,114.128775,23/04/2021,8:27:00,Kalbarri,NA,Very Poor,NA,NA,NA,NA,NA,NA,NA,NA,NA,NA,NA,NA,NA
2021-04_FRDC_BOSS,C449,-27.71348833,114.145335,23/04/2021,8:37:26,Kalbarri,NA,Very Poor,NA,NA,NA,NA,NA,NA,NA,NA,NA,NA,NA,NA,NA
2021-04_FRDC_BOSS,C406,-27.705225,114.144475,23/04/2021,8:45:52,Kalbarri,NA,Very Poor,NA,NA,NA,NA,NA,NA,NA,NA,NA,NA,NA,NA,NA
2021-04_FRDC_BOSS,C441,-27.69985833,114.1421,23/04/2021,8:53:55,Kalbarri,NA,Very Poor,NA,NA,NA,NA,NA,NA,NA,NA,NA,NA,NA,NA,NA
2021-04_FRDC_BOSS,C432,-27.69706,114.1341067,23/04/2021,9:02:17,Kalbarri,NA,Very Poor,NA,NA,NA,NA,NA,NA,NA,NA,NA,NA,NA,NA,NA
2021-04_FRDC_BOSS,C405,-27.68909333,114.13465,23/04/2021,9:10:47,Kalbarri,NA,Very Poor,NA,NA,NA,NA,NA,NA,NA,NA,NA,NA,NA,NA,NA
2021-04_FRDC_BOSS,C410,-27.68587833,114.139195,23/04/2021,9:18:35,Kalbarri,NA,Very Poor,NA,NA,NA,NA,NA,NA,NA,NA,NA,NA,NA,NA,NA
2021-04_FRDC_BOSS,C425,-27.683375,114.1398267,23/04/2021,9:25:40,Kalbarri,NA,Very Poor,NA,NA,NA,NA,NA,NA,NA,NA,NA,NA,NA,NA,NA
2021-04_FRDC_BOSS,C448,-27.68129333,114.1363567,23/04/2021,9:32:58,Kalbarri,NA,Very Poor,NA,NA,NA,NA,NA,NA,NA,NA,NA,NA,NA,NA,NA
2021-04_FRDC_BOSS,C401,-27.68238167,114.1275433,23/04/2021,9:41:46,Kalbarri,NA,Very Poor,NA,NA,NA,NA,NA,NA,NA,NA,NA,NA,NA,NA,NA
2021-04_FRDC_BOSS,C412,-27.67471167,114.1403933,23/04/2021,9:52:10,Kalbarri,NA,Very Poor,NA,NA,NA,NA,NA,NA,NA,NA,NA,NA,NA,NA,NA
2021-04_FRDC_BOSS,C443,-27.669985,114.1415067,23/04/2021,9:59:59,Kalbarri,NA,Very Poor,NA,NA,NA,NA,NA,NA,NA,NA,NA,NA,NA,NA,NA
2021-04_FRDC_BOSS,C462,-27.67170667,114.1322167,23/04/2021,10:08:24,Kalbarri,NA,Very Poor,NA,NA,NA,NA,NA,NA,NA,NA,NA,NA,NA,NA,NA
2021-04_FRDC_BOSS,C415,-27.67070167,114.1219417,23/04/2021,12:17:21,Kalbarri,NA,Very Poor,NA,NA,NA,NA,NA,NA,NA,NA,NA,NA,NA,NA,NA
2021-04_FRDC_BOSS,C430,-27.66419833,114.1281033,23/04/2021,10:26:05,Kalbarri,NA,Very Poor,NA,NA,NA,NA,NA,NA,NA,NA,NA,NA,NA,NA,NA
2021-04_FRDC_BOSS,C458,-27.65480667,114.1339067,23/04/2021,10:35:28,Kalbarri,NA,Very Poor,NA,NA,NA,NA,NA,NA,NA,NA,NA,NA,NA,NA,NA
2021-04_FRDC_BOSS,C454,-27.65356,114.1262483,23/04/2021,10:44:20,Kalbarri,NA,Very Poor,NA,NA,NA,NA,NA,NA,NA,NA,NA,NA,NA,NA,NA
2021-04_FRDC_BOSS,C411,-27.64360667,114.1341117,23/04/2021,10:53:49,Kalbarri,NA,Very Poor,NA,NA,NA,NA,NA,NA,NA,NA,NA,NA,NA,NA,NA
2021-04_FRDC_BOSS,C426,-27.64463333,114.126445,23/04/2021,11:03:33,Kalbarri,NA,Very Poor,NA,NA,NA,NA,NA,NA,NA,NA,NA,NA,NA,NA,NA
2021-04_FRDC_BOSS,C404,-27.63847833,114.1219467,23/04/2021,11:12:21,Kalbarri,NA,Very Poor,NA,NA,NA,NA,NA,NA,NA,NA,NA,NA,NA,NA,NA
2021-04_FRDC_BOSS,C419,-27.62900667,114.12398,23/04/2021,11:21:02,Kalbarri,NA,Very Poor,NA,NA,NA,NA,NA,NA,NA,NA,NA,NA,NA,NA,NA
2021-04_FRDC_BOSS,C435,-27.63674833,114.13397,23/04/2021,11:31:06,Kalbarri,NA,Very Poor,NA,NA,NA,NA,NA,NA,NA,NA,NA,NA,NA,NA,NA
2021-04_FRDC_BOSS,C447,-27.63279,114.1420167,23/04/2021,11:39:49,Kalbarri,NA,Very Poor,NA,NA,NA,NA,NA,NA,NA,NA,NA,NA,NA,NA,NA
2021-04_FRDC_BOSS,C408,-27.64597167,114.145145,23/04/2021,11:51:44,Kalbarri,NA,Very Poor,NA,NA,NA,NA,NA,NA,NA,NA,NA,NA,NA,NA,NA
2021-04_FRDC_BOSS,C439,-27.655065,114.1436,23/04/2021,12:00:25,Kalbarri,NA,Very Poor,NA,NA,NA,NA,NA,NA,NA,NA,NA,NA,NA,NA,NA
2021-04_FRDC_BOSS,C455,-27.65953,114.1471017,23/04/2021,12:07:53,Kalbarri,NA,Very Poor,NA,NA,NA,NA,NA,NA,NA,NA,NA,NA,NA,NA,NA
2021-04_FRDC_BOSS,C431,-27.66461333,114.1493467,23/04/2021,12:20:10,Kalbarri,NA,Very Poor,NA,NA,NA,NA,NA,NA,NA,NA,NA,NA,NA,NA,NA
2021-04_FRDC_BOSS,C427,-27.67717833,114.1433433,23/04/2021,12:33:35,Kalbarri,NA,Very Poor,NA,NA,NA,NA,NA,NA,NA,NA,NA,NA,NA,NA,NA
2021-04_FRDC_BOSS,C414,-27.68819,114.1505967,23/04/2021,12:43:41,Kalbarri,NA,Very Poor,NA,NA,NA,NA,NA,NA,NA,NA,NA,NA,NA,NA,NA
2021-04_FRDC_BOSS,C429,-27.694575,114.1525233,23/04/2021,12:58:44,Kalbarri,NA,Very Poor,NA,NA,NA,NA,NA,NA,NA,NA,NA,NA,NA,NA,NA
2021-04_FRDC_BOSS,C461,-27.701535,114.159235,23/04/2021,13:09:50,Kalbarri,NA,Very Poor,NA,NA,NA,NA,NA,NA,NA,NA,NA,NA,NA,NA,NA
2021-04_FRDC_BOSS,C437,-27.70547833,114.155905,23/04/2021,13:18:33,Kalbarri,NA,Very Poor,NA,NA,NA,NA,NA,NA,NA,NA,NA,NA,NA,NA,NA
2021-04_FRDC_BOSS,C453,-27.70860667,114.1555567,23/04/2021,13:26:12,Kalbarri,NA,Very Poor,NA,NA,NA,NA,NA,NA,NA,NA,NA,NA,NA,NA,NA
2021-04_FRDC_BOSS,C450,-27.73100667,114.1473633,23/04/2021,13:39:51,Kalbarri,NA,Very Poor,NA,NA,NA,NA,NA,NA,NA,NA,NA,NA,NA,NA,NA
2021-04_FRDC_BOSS,C418,-27.73310833,114.1492933,23/04/2021,13:48:00,Kalbarri,NA,Very Poor,NA,NA,NA,NA,NA,NA,NA,NA,NA,NA,NA,NA,NA
2021-04_FRDC_BOSS,C434,-27.737985,114.1416217,23/04/2021,14:01:40,Kalbarri,NA,Very Poor,NA,NA,NA,NA,NA,NA,NA,NA,NA,NA,NA,NA,NA
2021-04_FRDC_BOSS,C407,-27.74120667,114.1405533,23/04/2021,14:08:40,Kalbarri,NA,Very Poor,NA,NA,NA,NA,NA,NA,NA,NA,NA,NA,NA,NA,NA
2021-04_FRDC_BOSS,C424,-27.74093833,114.1195667,23/04/2021,14:20:59,Kalbarri,NA,Very Poor,NA,NA,NA,NA,NA,NA,NA,NA,NA,NA,NA,NA,NA
2021-04_FRDC_BOSS,C417,-27.75046333,114.1214317,23/04/2021,14:30:05,Kalbarri,NA,Very Poor,NA,NA,NA,NA,NA,NA,NA,NA,NA,NA,NA,NA,NA
2021-04_FRDC_BOSS,C422,-27.76871667,114.1244067,23/04/2021,14:42:08,Kalbarri,NA,Very Poor,NA,NA,NA,NA,NA,NA,NA,NA,NA,NA,NA,NA,NA
2021-04_FRDC_BOSS,C306,-28.24648667,114.2681817,24/04/2021,7:01:06,Port Gregory,NA,Very Poor,Top,0,100,NA,NA,0,0,0,0,0,0,80,80
2021-04_FRDC_BOSS,C313,-28.243045,114.2704633,24/04/2021,7:09:40,Port Gregory,NA,Poor,Top,0,100,3,0,0,0,13,0,0,0,67,80
2021-04_FRDC_BOSS,C356,-28.24011833,114.26761,24/04/2021,7:18:49,Port Gregory,NA,Very Poor,Top,0,100,NA,NA,0,0,0,0,0,42,20,62
2021-04_FRDC_BOSS,C328,-28.24168333,114.2520917,24/04/2021,7:28:40,Port Gregory,NA,Poor,Top,0,100,1.15,0.483045892,0,61,0,0,0,1,12,74
2021-04_FRDC_BOSS,C344,-28.24337,114.2468567,24/04/2021,7:36:16,Port Gregory,NA,Very Poor,Top,0,100,2.6,0.5,0,0,6,0,0,5,39,50
2021-04_FRDC_BOSS,C360,-28.239075,114.2386283,24/04/2021,7:45:15,Port Gregory,NA,Very Poor,Top,0,100,2.952380952,0.21821789,0,0,7,0,0,0,37,44
2021-04_FRDC_BOSS,C336,-28.22705833,114.2284483,24/04/2021,7:55:06,Port Gregory,NA,Poor,Top,0,100,1.825,0.549475274,0,68,0,0,0,2,0,70
2021-04_FRDC_BOSS,C352,-28.21755167,114.2543217,24/04/2021,8:07:34,Port Gregory,NA,Poor,Top,0,100,2.363636364,0.699025295,0,4,22,0,0,12,16,54
2021-04_FRDC_BOSS,C324,-28.20847833,114.2511683,24/04/2021,8:16:47,Port Gregory,NA,Very Poor,Top,0,100,NA,NA,0,0,0,0,0,25,35,60
2021-04_FRDC_BOSS,C309,-28.20806833,114.2401783,24/04/2021,8:25:23,Port Gregory,NA,Poor,Top,0,100,2.3,0.464095481,2,5,35,0,0,3,31,76
2021-04_FRDC_BOSS,C320,-28.21627667,114.2341517,24/04/2021,8:34:43,Port Gregory,NA,Poor,Top,0,100,2.888888889,0.471404521,0,0,24,0,0,1,38,63
2021-04_FRDC_BOSS,C348,-28.21303167,114.2322417,24/04/2021,8:42:40,Port Gregory,NA,Poor,Top,0,100,0.88,0.331662479,0,11,0,0,0,45,0,56
2021-04_FRDC_BOSS,C301,-28.20881,114.2122,24/04/2021,8:53:29,Port Gregory,NA,Poor,Top,0,100,0.948717949,0.455880752,0,12,0,0,0,48,17,77
2021-04_FRDC_BOSS,C332,-28.21506333,114.1982283,24/04/2021,9:03:42,Port Gregory,NA,Poor,Top,0,100,0.875,0.463404348,0,17,0,0,0,46,0,63
2021-04_FRDC_BOSS,C312,-28.20066667,114.2024083,24/04/2021,9:13:54,Port Gregory,NA,Very Poor,Top,0,100,2.8,0.523148364,0,10,5,0,0,0,51,66
2021-04_FRDC_BOSS,C327,-28.20372,114.21317,24/04/2021,9:22:55,Port Gregory,NA,Poor,Top,0,100,0,0,0,0,0,0,0,67,0,67
2021-04_FRDC_BOSS,C323,-28.19977333,114.2245533,24/04/2021,9:32:00,Port Gregory,NA,Poor,Top,0,100,0.4,0.603908836,0,7,0,0,0,60,1,68
2021-04_FRDC_BOSS,C339,-28.19644167,114.2278367,24/04/2021,9:40:14,Port Gregory,NA,Moderate,Top,0,100,2.425925926,0.767299893,0,9,26,0,0,27,14,76
2021-04_FRDC_BOSS,C343,-28.18499167,114.204775,24/04/2021,9:52:29,Port Gregory,NA,Very Poor,Top,0,100,3,0,0,13,0,0,0,0,27,40
2021-04_FRDC_BOSS,C363,-28.1809,114.20329,24/04/2021,10:00:11,Port Gregory,NA,Very Poor,Top,0,100,2.294117647,0.985184366,0,0,0,0,0,0,80,80
2021-04_FRDC_BOSS,C347,-28.177105,114.2145967,24/04/2021,10:09:31,Port Gregory,NA,Poor,Top,0,100,0.075,0.266746783,0,1,0,0,0,71,0,72
2021-04_FRDC_BOSS,C359,-28.17501333,114.2279383,24/04/2021,10:19:00,Port Gregory,NA,Moderate,Top,0,100,0.58490566,0.569546455,0,9,0,0,0,67,0,76
2021-04_FRDC_BOSS,C331,-28.179425,114.22216,24/04/2021,10:26:47,Port Gregory,NA,Moderate,Top,0,100,2.981818182,0.134839972,0,78,0,0,0,0,0,78
2021-04_FRDC_BOSS,C355,-28.18628333,114.2236317,24/04/2021,10:35:27,Port Gregory,NA,Moderate,Top,0,100,1.217391304,0.417028828,0,55,0,0,0,7,12,74
2021-04_FRDC_BOSS,C308,-28.18743167,114.2317083,24/04/2021,10:43:53,Port Gregory,NA,Moderate,Top,0,100,0.4,0.687551651,0,11,0,0,0,68,0,79
2021-04_FRDC_BOSS,C319,-28.18974667,114.2391383,24/04/2021,10:55:38,Port Gregory,NA,Good,Top,0,100,1.836363636,0.373354978,0,0,59,0,0,4,7,70
2021-04_FRDC_BOSS,C304,-28.19067833,114.24428,24/04/2021,11:07:32,Port Gregory,NA,Good,Top,0,100,0.035087719,0.185637154,9,0,15,0,0,47,1,72
2021-04_FRDC_BOSS,C335,-28.19396167,114.2508883,24/04/2021,11:18:58,Port Gregory,NA,Good,Top,0,100,0.04,0.197948664,0,0,0,0,0,80,0,80
2021-04_FRDC_BOSS,C351,-28.19686833,114.255585,24/04/2021,11:31:26,Port Gregory,NA,Good,Top,0,100,0.5,0.504878164,0,1,11,0,0,54,4,70
2021-04_FRDC_BOSS,C346,-28.19833667,114.2578083,24/04/2021,11:38:51,Port Gregory,NA,Good,Top,0,100,0.666666667,0.476731295,0,0,37,0,0,30,3,70
2021-04_FRDC_BOSS,C362,-28.19528667,114.2462917,24/04/2021,11:59:11,Port Gregory,NA,Moderate,Top,0,100,1.666666667,0.705106475,1,51,0,0,0,23,0,75
2021-04_FRDC_BOSS,C349,-28.21327833,114.2654217,24/04/2021,12:12:48,Port Gregory,NA,Poor,Top,0,100,3,0,0,0,20,0,0,0,21,41
2021-04_FRDC_BOSS,C333,-28.21402667,114.2709983,24/04/2021,12:20:42,Port Gregory,NA,Very Poor,Top,0,100,1,0,0,0,0,0,0,0,80,80
2021-04_FRDC_BOSS,C317,-28.214895,114.2749717,24/04/2021,12:27:43,Port Gregory,NA,Poor,Top,0,100,0.564102564,0.88242703,0,4,15,0,0,46,2,67
2021-04_FRDC_BOSS,C354,-28.22004333,114.289895,24/04/2021,12:37:52,Port Gregory,NA,Poor,Top,0,100,0.375,0.490290338,0,4,0,0,0,68,0,72
2021-04_FRDC_BOSS,C361,-28.22647,114.308815,24/04/2021,12:50:27,Port Gregory,NA,Poor,Top,0,100,1.225,1.329883357,0,0,0,0,0,28,29,57
2021-04_FRDC_BOSS,C303,-28.22737833,114.3145767,24/04/2021,12:58:26,Port Gregory,NA,Moderate,Top,0,100,0,0,0,0,0,0,0,71,0,71
2021-04_FRDC_BOSS,C334,-28.24156833,114.3201417,24/04/2021,13:08:51,Port Gregory,NA,Poor,Top,0,100,0,0,0,0,0,0,0,40,40,80
2021-04_FRDC_BOSS,C337,-28.24266667,114.3237767,24/04/2021,13:15:58,Port Gregory,NA,Moderate,Top,0,100,3,0,0,0,71,0,0,0,1,72
2021-04_FRDC_BOSS,C341,-28.25556167,114.318675,24/04/2021,13:25:59,Port Gregory,NA,Poor,Top,0,100,3,0,0,0,43,0,0,0,24,67
2021-04_FRDC_BOSS,C358,-28.26282167,114.3231583,24/04/2021,13:34:34,Port Gregory,NA,Poor,Top,0,100,3,0,0,4,10,0,0,0,32,46
2021-04_FRDC_BOSS,C342,-28.270715,114.33861,24/04/2021,13:45:00,Port Gregory,NA,Poor,Top,0,100,0,0,0,2,0,0,0,67,0,69
2021-04_FRDC_BOSS,C325,-28.26353167,114.2979317,24/04/2021,14:01:52,Port Gregory,NA,Poor,Top,0,100,3,0,0,0,42,0,0,0,34,76
2021-04_FRDC_BOSS,C329,-28.26141667,114.3058317,24/04/2021,14:10:13,Port Gregory,NA,Poor,Top,0,100,3,0,0,0,42,0,0,0,29,71
2021-04_FRDC_BOSS,C357,-28.25628833,114.3100733,24/04/2021,14:18:11,Port Gregory,NA,Poor,Top,0,100,2.914285714,0.284028641,0,0,47,0,0,0,17,64
2021-04_FRDC_BOSS,C314,-28.24879333,114.3090833,24/04/2021,14:26:34,Port Gregory,NA,Poor,Top,0,100,2.75862069,0.43549417,0,36,0,0,0,1,34,71
2021-04_FRDC_BOSS,C318,-28.24476333,114.3010967,24/04/2021,14:34:36,Port Gregory,NA,Very Poor,Top,0,100,NA,NA,0,0,0,0,0,0,80,80
2021-04_FRDC_BOSS,C307,-28.24014667,114.2976367,24/04/2021,14:42:15,Port Gregory,NA,Very Poor,Top,0,100,1,1.021507837,0,22,0,0,0,13,23,58
2021-04_FRDC_BOSS,C350,-28.23296333,114.2804867,24/04/2021,14:53:20,Port Gregory,NA,Moderate,Top,0,100,2.76,0.624663175,0,0,46,0,0,11,15,72
2021-04_FRDC_BOSS,C340,-28.2318,114.27789,24/04/2021,15:00:49,Port Gregory,NA,Moderate,Top,0,100,2.924528302,0.266678761,0,0,69,0,0,2,3,74
2021-04_FRDC_BOSS,C353,-28.25103167,114.2958817,24/04/2021,15:13:31,Port Gregory,NA,Poor,Top,0,100,3,0,0,0,33,0,0,0,23,56
