"","campaignid","sample","latitude","longitude","ID","aspect","depth","ew_vel","gravel","mud","ns_vel","sand","slope","surface","v_vel"
"1","2020-06_south-west_stereo-BRUVs","01",-34.128599,114.930865,1,72.4075775146484,-40,-0.121122501790524,19.4471206665039,0,0.352082490921021,80.5528793334961,1.11367845535278,76511.953125,1.27720397813391e-06
"2","2020-06_south-west_stereo-BRUVs","02",-34.125316,114.928838,2,29.3577537536621,-41,-0.121122501790524,24.1538200378418,0,0.352082490921021,75.8461837768555,0.950678646564484,76506.578125,1.27720397813391e-06
"3","2020-06_south-west_stereo-BRUVs","03",-34.126906,114.925945,3,34.6951522827148,-39,-0.121122501790524,24.1538200378418,0,0.352082490921021,75.8461837768555,0.409440934658051,76493.7109375,1.27720397813391e-06
"4","2020-06_south-west_stereo-BRUVs","04",-34.122634,114.920337,4,55.3048477172852,-43,-0.121122501790524,24.1538200378418,0,0.352082490921021,75.8461837768555,0.409440934658051,76494.2109375,1.27720397813391e-06
"5","2020-06_south-west_stereo-BRUVs","05",-34.131497,114.915753,5,293.198577880859,-43,-0.121122501790524,14.9110803604126,0,0.352082490921021,85.0889129638672,0.591627657413483,76496.203125,1.27720397813391e-06
"6","2020-06_south-west_stereo-BRUVs","06",-34.132842,114.912405,6,45,-43,-0.131454363465309,14.9110803604126,0,0.291657686233521,85.0889129638672,0.036622129380703,76490.703125,4.38574352301657e-06
"7","2020-06_south-west_stereo-BRUVs","07",-34.134771,114.910241,7,45,-43,-0.131454363465309,14.9110803604126,0,0.291657686233521,85.0889129638672,0.036622129380703,76490.703125,4.38574352301657e-06
"8","2020-06_south-west_stereo-BRUVs","08",-34.129352,114.911755,8,218.659805297852,-42,-0.121122501790524,14.9110803604126,0,0.352082490921021,85.0889129638672,0.331623822450638,76493.0859375,1.27720397813391e-06
"9","2020-06_south-west_stereo-BRUVs","09",-34.119541,114.916105,9,56.3099327087402,-44,-0.121122501790524,26.5323600769043,0,0.352082490921021,73.467643737793,0.186736315488815,76491.9609375,1.27720397813391e-06
"10","2020-06_south-west_stereo-BRUVs","10",-34.117294,114.918685,10,135,-44,-0.121122501790524,24.1538200378418,0,0.352082490921021,75.8461837768555,0.036622129380703,76490.9609375,1.27720397813391e-06
"11","2020-06_south-west_stereo-BRUVs","11",-34.117752,114.92306,11,180,-44,-0.121122501790524,24.1538200378418,0,0.352082490921021,75.8461837768555,0.0517915040254593,76490.828125,1.27720397813391e-06
"12","2020-06_south-west_stereo-BRUVs","12",-34.132262,114.928545,12,129.559661865234,-36,-0.121122501790524,24.3665904998779,0.15213580429554,0.352082490921021,75.4812774658203,0.772497951984406,76500.328125,1.27720397813391e-06
"13","2020-06_south-west_stereo-BRUVs","13",-34.128506,114.930547,13,72.4075775146484,-40,-0.121122501790524,19.4471206665039,0,0.352082490921021,80.5528793334961,1.11367845535278,76511.953125,1.27720397813391e-06
"14","2020-06_south-west_stereo-BRUVs","14",-34.128381,114.925457,14,12.7243556976318,-33,-0.121122501790524,24.3665904998779,0.15213580429554,0.352082490921021,75.4812774658203,0.822923541069031,76505.078125,1.27720397813391e-06
"15","2020-06_south-west_stereo-BRUVs","15",-34.125012,114.91032,15,274.398712158203,-40,-0.121122501790524,26.5323600769043,0,0.352082490921021,73.467643737793,0.337635487318039,76493.5859375,1.27720397813391e-06
"16","2020-06_south-west_stereo-BRUVs","16",-34.126181,114.906548,16,284.036254882812,-43,-0.194728195667267,26.5323600769043,0,0.0461677685379982,73.467643737793,0.2135409116745,76492.453125,1.10210203274619e-05
"17","2020-06_south-west_stereo-BRUVs","17",-34.132142,114.92083,17,296.565063476562,-37,-0.121122501790524,24.3665904998779,0.15213580429554,0.352082490921021,75.4812774658203,0.463227331638336,76495.578125,1.27720397813391e-06
"18","2020-06_south-west_stereo-BRUVs","18",-34.128679,114.924078,18,344.744873046875,-36,-0.121122501790524,24.3665904998779,0.15213580429554,0.352082490921021,75.4812774658203,0.590493261814117,76502.5859375,1.27720397813391e-06
"19","2020-06_south-west_stereo-BRUVs","20",-34.130219,114.820233,19,251.565048217773,-50,-0.194728195667267,23.5088806152344,0,0.0461677685379982,76.4911193847656,0.163778722286224,76491.3359375,1.10210203274619e-05
"20","2020-06_south-west_stereo-BRUVs","21",-34.128151,114.817448,20,291.801422119141,-51,-0.194728195667267,23.1466407775879,0,0.0461677685379982,76.8533630371094,0.278903663158417,76491.7109375,1.10210203274619e-05
"21","2020-06_south-west_stereo-BRUVs","22",-34.126271,114.819552,21,284.036254882812,-50,-0.194728195667267,22.5274391174316,0,0.0461677685379982,77.4725570678711,0.2135409116745,76491.3359375,1.10210203274619e-05
"22","2020-06_south-west_stereo-BRUVs","23",-34.124217,114.817017,22,270,-51,-0.194728195667267,24.6849403381348,0,0.0461677685379982,75.3150634765625,0.207165166735649,76491.0859375,1.10210203274619e-05
"23","2020-06_south-west_stereo-BRUVs","24",-34.118739,114.826402,23,225,-48,-0.194728195667267,22.5274391174316,0,0.0461677685379982,77.4725570678711,0.0732442289590836,76490.828125,1.10210203274619e-05
"24","2020-06_south-west_stereo-BRUVs","25",-34.116829,114.828432,24,243.434951782227,-47,-0.194728195667267,22.5274391174316,0,0.0461677685379982,77.4725570678711,0.115809202194214,76490.9609375,1.10210203274619e-05
"25","2020-06_south-west_stereo-BRUVs","26",-34.120881,114.828907,25,296.565063476562,-48,-0.194728195667267,22.5274391174316,0,0.0461677685379982,77.4725570678711,0.115809202194214,76490.9609375,1.10210203274619e-05
"26","2020-06_south-west_stereo-BRUVs","27",-34.121824,114.832898,26,288.434936523438,-47,-0.194728195667267,19.0941104888916,0,0.0461677685379982,80.905891418457,0.163778722286224,76491.0859375,1.10210203274619e-05
"27","2020-06_south-west_stereo-BRUVs","28",-34.112916,114.852137,27,243.434951782227,-44,-0.194728195667267,16.647029876709,0,0.0461677685379982,83.3529663085938,0.115809202194214,76490.9609375,1.10210203274619e-05
"28","2020-06_south-west_stereo-BRUVs","29",-34.111084,114.855648,28,198.434951782227,-43,-0.194728195667267,15.7406997680664,0,0.0461677685379982,84.2593002319336,0.0818895250558853,76490.828125,1.10210203274619e-05
"29","2020-06_south-west_stereo-BRUVs","30",-34.112094,114.85946,29,225,-43,-0.194728195667267,15.7406997680664,0,0.0461677685379982,84.2593002319336,0.109866268932819,76490.9609375,1.10210203274619e-05
"30","2020-06_south-west_stereo-BRUVs","31",-34.116007,114.860738,30,315,-43,-0.194728195667267,17.3017807006836,0,0.0461677685379982,82.6982269287109,0.036622129380703,76490.9609375,1.10210203274619e-05
"31","2020-06_south-west_stereo-BRUVs","32",-34.130076,114.86109,31,-1,-43,-0.194728195667267,12.8591203689575,0,0.0461677685379982,87.1408767700195,0,76490.578125,1.10210203274619e-05
"32","2020-06_south-west_stereo-BRUVs","33",-34.133067,114.8627,32,-1,-43,-0.152073994278908,12.8591203689575,0,0.148046806454659,87.1408767700195,0,76490.578125,1.354863979941e-05
"33","2020-06_south-west_stereo-BRUVs","34",-34.131334,114.866053,33,270,-43,-0.194728195667267,12.8591203689575,0,0.0461677685379982,87.1408767700195,0.103582926094532,76490.828125,1.10210203274619e-05
"34","2020-06_south-west_stereo-BRUVs","35",-34.134801,114.869348,34,270,-43,-0.152073994278908,18.0727500915527,0,0.148046806454659,81.9272537231445,0.103582926094532,76490.828125,1.354863979941e-05
"35","2020-06_south-west_stereo-BRUVs","36",-34.130484,114.878263,35,315,-41,-0.194728195667267,18.0727500915527,0,0.0461677685379982,81.9272537231445,0.036622129380703,76490.703125,1.10210203274619e-05
"36","2020-06_south-west_stereo-BRUVs","37",-34.126354,114.878937,36,296.565063476562,-42,-0.194728195667267,15.7777099609375,0,0.0461677685379982,84.2222900390625,0.115809202194214,76490.9609375,1.10210203274619e-05
"37","2020-06_south-west_stereo-BRUVs","38",-34.127912,114.883938,37,-1,-41,-0.194728195667267,17.2758502960205,0,0.0461677685379982,82.7241516113281,0,76490.578125,1.10210203274619e-05
"38","2020-06_south-west_stereo-BRUVs","39",-34.132294,114.884797,38,-1,-41,-0.194728195667267,17.2758502960205,0,0.0461677685379982,82.7241516113281,0,76490.578125,1.10210203274619e-05
"39","2020-06_south-west_stereo-BRUVs","40",-34.133669,114.880443,39,-1,-41,-0.152073994278908,17.2758502960205,0,0.148046806454659,82.7241516113281,0,76490.578125,1.354863979941e-05
"40","2020-10_south-west_stereo-BRUVs","FH10",-33.98618897,114.8863721,40,-1,-42,-0.163164898753166,16.6025791168213,0,0.261637091636658,83.3974227905273,0,76490.578125,6.29002579444204e-06
"41","2020-10_south-west_stereo-BRUVs","FH102",-33.68868897,114.9288721,41,0,-44,-0.12754525244236,15.1016302108765,3.33105802536011,0.207842782139778,81.5673065185547,0.103582926094532,76490.828125,1.43072543323797e-06
"42","2020-10_south-west_stereo-BRUVs","FH106",-33.78868897,114.8163721,42,26.5650520324707,-45,-0.156320199370384,23.5176601409912,0.36505338549614,0.25046768784523,76.1172866821289,0.115809202194214,76491.328125,-9.96249241325131e-07
"43","2020-10_south-west_stereo-BRUVs","FH108",-33.76118897,114.9238721,43,198.434951782227,-44,-0.07252586632967,13.3833599090576,5.30607509613037,0.256728887557983,81.3105697631836,0.0818895250558853,76490.828125,-2.79822097581928e-06
"44","2020-10_south-west_stereo-BRUVs","FH109",-33.91618897,114.9088721,44,63.4349479675293,-44,-0.0770272389054298,14.3438997268677,2.93378901481628,0.286819696426392,82.7223129272461,0.115809202194214,76490.9609375,-1.32312300138437e-06
"45","2020-10_south-west_stereo-BRUVs","FH11",-33.89868897,114.9388721,45,299.744873046875,-37,-0.0770272389054298,22.1823101043701,0,0.286819696426392,77.8177032470703,0.417549192905426,76494.7109375,-1.32312300138437e-06
"46","2020-10_south-west_stereo-BRUVs","FH110",-33.80868897,114.8213721,46,270,-45,-0.156320199370384,24.5973300933838,1.12494194507599,0.25046768784523,74.2777328491211,0.15537416934967,76491.0859375,-9.96249241325131e-07
"47","2020-10_south-west_stereo-BRUVs","FH111",-33.98618897,114.8788721,47,116.565048217773,-42,-0.163164898753166,17.5274696350098,0,0.261637091636658,82.472526550293,0.115809202194214,76490.9609375,6.29002579444204e-06
"48","2020-10_south-west_stereo-BRUVs","FH113",-33.72368897,114.7963721,48,-1,-45,-0.218215793371201,18.3794002532959,0.0990166589617729,0.108634501695633,81.5215835571289,0,76490.578125,5.02305601912667e-06
"49","2020-10_south-west_stereo-BRUVs","FH12",-33.91868897,114.8963721,49,63.4349479675293,-43,-0.158835902810097,13.901439666748,1.78722703456879,0.272429496049881,84.3113327026367,0.115809202194214,76490.9609375,-1.19138996979018e-06
"50","2020-10_south-west_stereo-BRUVs","FH14",-33.76618897,114.8713721,50,90,-44,-0.156320199370384,13.7614603042603,4.03447008132935,0.25046768784523,82.2040710449219,0.103582926094532,76490.828125,-9.96249241325131e-07
"51","2020-10_south-west_stereo-BRUVs","FH15",-33.68868897,114.8063721,51,153.434951782227,-45,-0.218215793371201,22.5817699432373,0.0734982863068581,0.108634501695633,77.3447265625,0.115809202194214,76490.9609375,5.02305601912667e-06
"52","2020-10_south-west_stereo-BRUVs","FH16",-33.90118897,114.8563721,52,-1,-43,-0.158835902810097,17.32253074646,0,0.272429496049881,82.6774673461914,0,76490.578125,-1.19138996979018e-06
"53","2020-10_south-west_stereo-BRUVs","FH17",-33.83368897,114.8763721,53,-1,-43,-0.156320199370384,15.8446702957153,1.4186190366745,0.25046768784523,82.7367095947266,0,76490.578125,-9.96249241325131e-07
"54","2020-10_south-west_stereo-BRUVs","FH18",-33.79118897,114.8213721,54,236.309936523438,-45,-0.156320199370384,25.5397396087646,0.502878487110138,0.25046768784523,73.9573822021484,0.186736315488815,76491.828125,-9.96249241325131e-07
"55","2020-10_south-west_stereo-BRUVs","FH2",-33.91868897,114.8913721,55,45,-43,-0.158835902810097,15.7286901473999,0,0.272429496049881,84.2713088989258,0.036622129380703,76490.703125,-1.19138996979018e-06
"56","2020-10_south-west_stereo-BRUVs","FH20",-33.78618897,114.8738721,56,71.5650482177734,-44,-0.156320199370384,16.4711093902588,2.45394206047058,0.25046768784523,81.0749435424805,0.0818895250558853,76490.828125,-9.96249241325131e-07
"57","2020-10_south-west_stereo-BRUVs","FH21",-33.79368897,114.8088721,57,251.565048217773,-45,-0.22247339785099,23.5176601409912,0.36505338549614,0.112198002636433,76.1172866821289,0.0818895250558853,76490.9609375,3.60872400051448e-06
"58","2020-10_south-west_stereo-BRUVs","FH23",-33.94618897,114.8288721,58,315,-44,-0.163164898753166,19.2321491241455,0.724503219127655,0.261637091636658,80.043342590332,0.0732442289590836,76491.2109375,6.29002579444204e-06
"59","2020-10_south-west_stereo-BRUVs","FH24",-33.66868897,114.8438721,59,161.565048217773,-45,-0.158410504460335,15.9559097290039,0.166851595044136,0.231359198689461,83.8772430419922,0.0818895250558853,76490.828125,2.07758102988009e-06
"60","2020-10_south-west_stereo-BRUVs","FH25",-33.87868897,114.8163721,60,341.565063476562,-45,-0.158835902810097,14.5190095901489,1.93358302116394,0.272429496049881,83.5474090576172,0.0818895250558853,76490.828125,-1.19138996979018e-06
"61","2020-10_south-west_stereo-BRUVs","FH26",-33.81118897,114.8288721,61,315,-44,-0.156320199370384,20.6625595092773,0.408148199319839,0.25046768784523,78.9292907714844,0.036622129380703,76490.703125,-9.96249241325131e-07
"62","2020-10_south-west_stereo-BRUVs","FH27",-33.83618897,114.8713721,62,-1,-43,-0.156320199370384,15.1064300537109,3.26537299156189,0.25046768784523,81.6281967163086,0,76490.578125,-9.96249241325131e-07
"63","2020-10_south-west_stereo-BRUVs","FH28",-33.76368897,114.9338721,63,-1,-44,-0.07252586632967,25.279670715332,5.52173709869385,0.256728887557983,69.1985931396484,0,76490.578125,-2.79822097581928e-06
"64","2020-10_south-west_stereo-BRUVs","FH30",-33.75118897,114.8888721,64,135,-46,-0.156320199370384,14.0410203933716,4.99244689941406,0.25046768784523,80.9665298461914,0.109866268932819,76490.9609375,-9.96249241325131e-07
"65","2020-10_south-west_stereo-BRUVs","FH31",-33.67368897,114.8238721,65,288.434936523438,-44,-0.158410504460335,16.3976497650146,2.76201009750366,0.231359198689461,80.8403472900391,0.0818895250558853,76490.828125,2.07758102988009e-06
"66","2020-10_south-west_stereo-BRUVs","FH32",-33.69618897,114.9463721,66,59.0362434387207,-43,-0.110062822699547,22.2036094665527,4.72241592407227,0.197066351771355,73.0739669799805,0.150996580719948,76491.578125,1.12941108909581e-06
"67","2020-10_south-west_stereo-BRUVs","FH33",-33.70868897,114.8263721,67,225,-44,-0.158410504460335,17.9190807342529,2.34010791778564,0.231359198689461,79.7408065795898,0.036622129380703,76490.9609375,2.07758102988009e-06
"68","2020-10_south-west_stereo-BRUVs","FH34",-33.78618897,114.8838721,68,135,-45,-0.156320199370384,17.5974903106689,0.335378408432007,0.25046768784523,82.0671310424805,0.109866268932819,76490.9609375,-9.96249241325131e-07
"69","2020-10_south-west_stereo-BRUVs","FH35",-33.88368897,114.9313721,69,281.309936523438,-45,-0.0770272389054298,25.9385890960693,2.87195801734924,0.286819696426392,71.189453125,0.132042750716209,76491.2109375,-1.32312300138437e-06
"70","2020-10_south-west_stereo-BRUVs","FH37",-33.71118897,114.8138721,70,-1,-45,-0.158410504460335,11.6688003540039,3.98536801338196,0.231359198689461,84.345832824707,0,76490.578125,2.07758102988009e-06
"71","2020-10_south-west_stereo-BRUVs","FH39",-33.90368897,114.9313721,71,255.963760375977,-45,-0.0770272389054298,22.1823101043701,0,0.286819696426392,77.8177032470703,0.2135409116745,76491.578125,-1.32312300138437e-06
"72","2020-10_south-west_stereo-BRUVs","FH40",-33.92368897,114.8888721,72,270,-43,-0.158835902810097,18.3761901855469,0,0.272429496049881,81.6238098144531,0.103582926094532,76490.828125,-1.19138996979018e-06
"73","2020-10_south-west_stereo-BRUVs","FH41",-33.67118897,114.8388721,73,198.434951782227,-45,-0.158410504460335,14.5685195922852,4.86102199554443,0.231359198689461,80.5704574584961,0.0818895250558853,76490.828125,2.07758102988009e-06
"74","2020-10_south-west_stereo-BRUVs","FH42",-33.88118897,114.8113721,74,-1,-45,-0.158835902810097,14.5190095901489,1.93358302116394,0.272429496049881,83.5474090576172,0,76490.578125,-1.19138996979018e-06
"75","2020-10_south-west_stereo-BRUVs","FH44",-33.77118897,114.8638721,75,90,-43,-0.156320199370384,16.0935497283936,3.03133988380432,0.25046768784523,80.8751068115234,0.103582926094532,76490.828125,-9.96249241325131e-07
"76","2020-10_south-west_stereo-BRUVs","FH45",-33.69368897,114.7988721,76,153.434951782227,-45,-0.218215793371201,15.2813997268677,0,0.108634501695633,84.7186126708984,0.115809202194214,76490.9609375,5.02305601912667e-06
"77","2020-10_south-west_stereo-BRUVs","FH46",-33.76618897,114.9288721,77,251.565048217773,-45,-0.07252586632967,13.3833599090576,5.30607509613037,0.256728887557983,81.3105697631836,0.0818895250558853,76490.828125,-2.79822097581928e-06
"78","2020-10_south-west_stereo-BRUVs","FH47",-33.90618897,114.8488721,78,26.5650520324707,-42,-0.158835902810097,17.5732593536377,0,0.272429496049881,82.4267272949219,0.115809202194214,76490.9609375,-1.19138996979018e-06
"79","2020-10_south-west_stereo-BRUVs","FH48",-33.79618897,114.8138721,79,198.434951782227,-44,-0.156320199370384,23.5176601409912,0.36505338549614,0.25046768784523,76.1172866821289,0.163778722286224,76491.59375,-9.96249241325131e-07
"80","2020-10_south-west_stereo-BRUVs","FH49",-33.92118897,114.9163721,80,63.4349479675293,-45,-0.0770272389054298,14.3438997268677,2.93378901481628,0.286819696426392,82.7223129272461,0.115809202194214,76490.9609375,-1.32312300138437e-06
"81","2020-10_south-west_stereo-BRUVs","FH5",-33.69368897,114.9413721,81,336.801422119141,-44,-0.114983096718788,27.6310405731201,1.9273669719696,0.199741289019585,70.4415969848633,0.19721545279026,76492.0859375,1.21316270451644e-06
"82","2020-10_south-west_stereo-BRUVs","FH50",-33.68118897,114.9313721,82,153.434951782227,-45,-0.124184355139732,13.225830078125,5.13904476165771,0.202906206250191,81.6351165771484,0.115809202194214,76490.9609375,1.33818207359582e-06
"83","2020-10_south-west_stereo-BRUVs","FH51",-33.90618897,114.8538721,83,45,-43,-0.158835902810097,17.5732593536377,0,0.272429496049881,82.4267272949219,0.036622129380703,76490.703125,-1.19138996979018e-06
"84","2020-10_south-west_stereo-BRUVs","FH52",-33.99118897,114.8888721,84,135,-42,-0.163164898753166,17.1811695098877,0,0.261637091636658,82.8188323974609,0.036622129380703,76490.703125,6.29002579444204e-06
"85","2020-10_south-west_stereo-BRUVs","FH54",-33.76618897,114.9388721,85,261.869903564453,-44,-0.07252586632967,25.279670715332,5.52173709869385,0.256728887557983,69.1985931396484,0.183110043406487,76491.453125,-2.79822097581928e-06
"86","2020-10_south-west_stereo-BRUVs","FH55",-33.92368897,114.9088721,86,135,-44,-0.0770272389054298,16.2087497711182,0.143500402569771,0.286819696426392,83.6477508544922,0.109866268932819,76490.9609375,-1.32312300138437e-06
"87","2020-10_south-west_stereo-BRUVs","FH56",-33.83118897,114.8663721,87,-1,-43,-0.156320199370384,15.1787595748901,0,0.25046768784523,84.8212432861328,0,76490.578125,-9.96249241325131e-07
"88","2020-10_south-west_stereo-BRUVs","FH57",-33.78868897,114.8113721,88,341.565063476562,-45,-0.156320199370384,23.5176601409912,0.36505338549614,0.25046768784523,76.1172866821289,0.163778722286224,76491.3359375,-9.96249241325131e-07
"89","2020-10_south-west_stereo-BRUVs","FH58",-33.66368897,114.8413721,89,116.565048217773,-44,-0.158410504460335,17.3894500732422,2.85408401489258,0.231359198689461,79.7564697265625,0.115809202194214,76490.9609375,2.07758102988009e-06
"90","2020-10_south-west_stereo-BRUVs","FH59",-33.66868897,114.8188721,90,315,-45,-0.158410504460335,17.0523204803467,2.10220098495483,0.231359198689461,80.8454818725586,0.036622129380703,76490.703125,2.07758102988009e-06
"91","2020-10_south-west_stereo-BRUVs","FH6",-33.70618897,114.8213721,91,270,-44,-0.158410504460335,15.1328201293945,0.98481297492981,0.231359198689461,83.8823623657227,0.103582926094532,76490.828125,2.07758102988009e-06
"92","2020-10_south-west_stereo-BRUVs","FH60",-33.81618897,114.8213721,92,315,-46,-0.156320199370384,20.6625595092773,0.408148199319839,0.25046768784523,78.9292907714844,0.109866268932819,76490.9609375,-9.96249241325131e-07
"93","2020-10_south-west_stereo-BRUVs","FH61",-33.84118897,114.8638721,93,288.434936523438,-44,-0.158835902810097,16.6881008148193,1.3356169462204,0.272429496049881,81.9762802124023,0.0818895250558853,76490.828125,-1.19138996979018e-06
"94","2020-10_south-west_stereo-BRUVs","FH62",-33.75618897,114.8813721,94,-1,-45,-0.156320199370384,14.0410203933716,4.99244689941406,0.25046768784523,80.9665298461914,0,76490.578125,-9.96249241325131e-07
"95","2020-10_south-west_stereo-BRUVs","FH63",-33.67868897,114.8163721,95,270,-44,-0.158410504460335,10.8502197265625,4.03709983825684,0.231359198689461,85.1126937866211,0.0517915040254593,76490.828125,2.07758102988009e-06
"96","2020-10_south-west_stereo-BRUVs","FH64",-33.70118897,114.9388721,96,278.130096435547,-43,-0.116825610399246,17.2502307891846,4.38845586776733,0.205515399575233,78.3613128662109,0.183110043406487,76491.3359375,1.21218295134895e-06
"97","2020-10_south-west_stereo-BRUVs","FH65",-33.71368897,114.8188721,97,270,-45,-0.158410504460335,17.9190807342529,2.34010791778564,0.231359198689461,79.7408065795898,0.0517915040254593,76490.828125,2.07758102988009e-06
"98","2020-10_south-west_stereo-BRUVs","FH66",-33.90618897,114.9363721,98,263.659820556641,-40,-0.0770272389054298,22.1823101043701,0,0.286819696426392,77.8177032470703,0.703452885150909,76501.703125,-1.32312300138437e-06
"99","2020-10_south-west_stereo-BRUVs","FH67",-33.88868897,114.9238721,99,333.434936523438,-45,-0.0770272389054298,16.4701690673828,0,0.286819696426392,83.5298309326172,0.115809202194214,76491.2109375,-1.32312300138437e-06
"100","2020-10_south-west_stereo-BRUVs","FH68",-33.95118897,114.8288721,100,288.434936523438,-43,-0.163164898753166,25.3905391693115,0.565574526786804,0.261637091636658,74.0438766479492,0.0818895250558853,76491.0859375,6.29002579444204e-06
"101","2020-10_south-west_stereo-BRUVs","FH69",-33.69618897,114.8038721,101,135,-46,-0.218215793371201,13.5973997116089,2.34031796455383,0.108634501695633,84.0622787475586,0.146488219499588,76491.0859375,5.02305601912667e-06
"102","2020-10_south-west_stereo-BRUVs","FH7",-33.78368897,114.8788721,102,135,-44,-0.156320199370384,14.180230140686,3.8780300617218,0.25046768784523,81.9417419433594,0.036622129380703,76490.703125,-9.96249241325131e-07
"103","2020-10_south-west_stereo-BRUVs","FH70",-33.67368897,114.8463721,103,135,-45,-0.158410504460335,15.7911396026611,0.233135595917702,0.231359198689461,83.9757232666016,0.146488219499588,76491.0859375,2.07758102988009e-06
"104","2020-10_south-west_stereo-BRUVs","FH71",-33.88368897,114.8188721,104,-1,-45,-0.158835902810097,23.6943798065186,0.982372224330902,0.272429496049881,75.3232498168945,0,76490.578125,-1.19138996979018e-06
"105","2020-10_south-west_stereo-BRUVs","FH72",-33.88868897,114.9288721,105,315,-44,-0.0770272389054298,16.4701690673828,0,0.286819696426392,83.5298309326172,0.146488219499588,76491.5859375,-1.32312300138437e-06
"106","2020-10_south-west_stereo-BRUVs","FH74",-33.73118897,114.8063721,106,0,-45,-0.218215793371201,12.5836496353149,4.99451398849487,0.108634501695633,82.4218368530273,0.207165166735649,76491.5859375,5.02305601912667e-06
"107","2020-10_south-west_stereo-BRUVs","FH77",-33.99618897,114.8763721,107,45,-41,-0.163164898753166,15.1281204223633,0,0.261637091636658,84.8718795776367,0.109866268932819,76490.9609375,6.29002579444204e-06
"108","2020-10_south-west_stereo-BRUVs","FH78",-33.89118897,114.9163721,108,180,-45,-0.0770272389054298,13.2607097625732,2.26921391487122,0.286819696426392,84.4700698852539,0.103582926094532,76491.0859375,-1.32312300138437e-06
"109","2020-10_south-west_stereo-BRUVs","FH79",-33.88618897,114.8088721,109,341.565063476562,-45,-0.206188902258873,18.4607601165771,1.03137505054474,-0.053836390376091,80.5078735351562,0.0818895250558853,76490.828125,2.67304608314589e-06
"110","2020-10_south-west_stereo-BRUVs","FH8",-33.72368897,114.8013721,110,135,-45,-0.218215793371201,18.3794002532959,0.0990166589617729,0.108634501695633,81.5215835571289,0.036622129380703,76490.703125,5.02305601912667e-06
"111","2020-10_south-west_stereo-BRUVs","FH82",-33.68618897,114.9238721,111,18.4349479675293,-45,-0.132731735706329,15.1016302108765,3.33105802536011,0.211332499980927,81.5673065185547,0.0818895250558853,76490.828125,1.52352765780961e-06
"112","2020-10_south-west_stereo-BRUVs","FH83",-33.91118897,114.8463721,112,-1,-42,-0.158835902810097,17.9595203399658,0,0.272429496049881,82.0404815673828,0,76490.578125,-1.19138996979018e-06
"113","2020-10_south-west_stereo-BRUVs","FH84",-33.73368897,114.7988721,113,0,-45,-0.218215793371201,15.8638095855713,0,0.108634501695633,84.1361923217773,0.0517915040254593,76490.828125,5.02305601912667e-06
"114","2020-10_south-west_stereo-BRUVs","FH85",-33.92618897,114.9138721,114,135,-46,-0.0770272389054298,16.2087497711182,0.143500402569771,0.286819696426392,83.6477508544922,0.036622129380703,76491.2109375,-1.32312300138437e-06
"115","2020-10_south-west_stereo-BRUVs","FH87",-33.92868897,114.8938721,115,90,-42,-0.158835902810097,17.9027404785156,0.825896620750427,0.272429496049881,81.2713623046875,0.0517915040254593,76491.2109375,-1.19138996979018e-06
"116","2020-10_south-west_stereo-BRUVs","FH89",-33.68618897,114.8013721,116,206.565048217773,-44,-0.218215793371201,15.2813997268677,0,0.108634501695633,84.7186126708984,0.115809202194214,76490.9609375,5.02305601912667e-06
"117","2020-10_south-west_stereo-BRUVs","FH9",-33.90118897,114.8513721,117,-1,-43,-0.158835902810097,17.5732593536377,0,0.272429496049881,82.4267272949219,0,76490.578125,-1.19138996979018e-06
"118","2020-10_south-west_stereo-BRUVs","FH92",-33.84368897,114.8713721,118,135,-44,-0.158835902810097,15.1064300537109,3.26537299156189,0.272429496049881,81.6281967163086,0.109866268932819,76490.9609375,-1.19138996979018e-06
"119","2020-10_south-west_stereo-BRUVs","FH93",-33.77618897,114.8688721,119,116.565048217773,-44,-0.156320199370384,14.180230140686,3.8780300617218,0.25046768784523,81.9417419433594,0.115809202194214,76490.9609375,-9.96249241325131e-07
"120","2020-10_south-west_stereo-BRUVs","FH94",-33.90868897,114.9413721,120,213.690063476562,-37,-0.0770272389054298,22.1823101043701,0,0.286819696426392,77.8177032470703,0.560193061828613,76495.453125,-1.32312300138437e-06
"121","2020-10_south-west_stereo-BRUVs","FH95",-33.75868897,114.8913721,121,45,-46,-0.156320199370384,17.5837097167969,0.324642509222031,0.25046768784523,82.0916366577148,0.036622129380703,76490.703125,-9.96249241325131e-07
"122","2020-10_south-west_stereo-BRUVs","FH96",-33.81868897,114.8338721,122,315,-43,-0.156320199370384,19.0114192962646,0,0.25046768784523,80.9885787963867,0.036622129380703,76491.3359375,-9.96249241325131e-07
"123","2020-10_south-west_stereo-BRUVs","FH99",-33.95368897,114.8363721,123,-1,-43,-0.163164898753166,18.2539596557617,0,0.261637091636658,81.7460403442383,0,76490.578125,6.29002579444204e-06
"124","2020-10_south-west_stereo-BRUVs","FHA",-33.683135,114.937827,124,-1,-45,-0.11704595386982,27.6310405731201,1.9273669719696,0.197270229458809,70.4415969848633,0,76490.828125,1.2340298098934e-06
"125","2020-10_south-west_stereo-BRUVs","FHB",-33.681655,114.957127,125,315,-43,-0.100689120590687,22.2388896942139,4.71102285385132,0.180828660726547,73.0500869750977,0.219731733202934,76491.5859375,9.93893195300188e-07
"126","2020-10_south-west_stereo-BRUVs","FHC",-33.680718,114.965092,126,322.125030517578,-36,-0.0941257551312447,15.0399398803711,1.89673101902008,0.174247235059738,83.0633316040039,0.295254468917847,76494.5859375,9.37081608753942e-07
"127","2020-10_south-west_stereo-BRUVs","FHCO1",-33.669869,114.809825,127,-1,-45,-0.218215793371201,14.3175001144409,2.21057796478271,0.108634501695633,83.4719161987305,0,76490.578125,5.02305601912667e-06
"128","2020-10_south-west_stereo-BRUVs","FHCO2",-33.72358,114.813293,128,251.565048217773,-45,-0.158410504460335,12.5836496353149,4.99451398849487,0.231359198689461,82.4218368530273,0.0818895250558853,76490.828125,2.07758102988009e-06
"129","2020-10_south-west_stereo-BRUVs","FHCO3",-33.948622,114.819555,129,270,-46,-0.163164898753166,19.2321491241455,0.724503219127655,0.261637091636658,80.043342590332,0.103582926094532,76490.828125,6.29002579444204e-06
"130","2020-10_south-west_stereo-BRUVs","FHD",-33.686897,114.958507,130,290.224853515625,-41,-0.0987217351794243,26.3829898834229,18.1999397277832,0.181233912706375,55.4170684814453,0.52433454990387,76496.2109375,1.00204056252551e-06
"131","2020-10_south-west_stereo-BRUVs","FHE",-33.687267,114.951172,131,288.434936523438,-43,-0.105473294854164,21.8324508666992,4.8683009147644,0.187667429447174,73.2992477416992,0.163778722286224,76491.0859375,1.0748162821983e-06
"132","2020-10_south-west_stereo-BRUVs","IO1",-34.07868897,114.7788721,132,264.805572509766,-63,-0.171091198921204,20.9190998077393,0,-0.148553192615509,79.0809020996094,0.286025643348694,76492.2109375,4.34408502769656e-06
"133","2020-10_south-west_stereo-BRUVs","IO100",-34.07618897,114.9088721,133,63.4349479675293,-43,-0.121122501790524,23.0004806518555,0,0.352082490921021,76.9995193481445,0.115809202194214,76490.9609375,1.27720397813391e-06
"134","2020-10_south-west_stereo-BRUVs","IO101",-34.07868897,114.8963721,134,-1,-42,-0.194728195667267,17.1670894622803,0,0.0461677685379982,82.8329086303711,0,76490.578125,1.10210203274619e-05
"135","2020-10_south-west_stereo-BRUVs","IO102",-34.07118897,114.9113721,135,81.8698959350586,-45,-0.121122501790524,24.216480255127,0.389372497797012,0.352082490921021,75.3941497802734,0.183110043406487,76491.59375,1.27720397813391e-06
"136","2020-10_south-west_stereo-BRUVs","IO105",-34.06368897,114.6688721,136,315,-139,-0.0903219729661942,11.8980302810669,0,-0.291591614484787,88.1019668579102,0.036622129380703,76490.703125,-6.55778512737015e-06
"137","2020-10_south-west_stereo-BRUVs","IO107",-34.06368897,114.6763721,137,315,-138,-0.0903219729661942,11.8980302810669,0,-0.291591614484787,88.1019668579102,0.146488219499588,76491.0859375,-6.55778512737015e-06
"138","2020-10_south-west_stereo-BRUVs","IO108",-34.05118897,114.6688721,138,270,-139,-0.0903219729661942,13.282130241394,0,-0.291591614484787,86.7178726196289,0.0517915040254593,76490.828125,-6.55778512737015e-06
"139","2020-10_south-west_stereo-BRUVs","IO109",-34.05618897,114.6738721,139,288.434936523438,-138,-0.0903219729661942,13.282130241394,0,-0.291591614484787,86.7178726196289,0.163778722286224,76491.4609375,-6.55778512737015e-06
"140","2020-10_south-west_stereo-BRUVs","IO110",-34.14118897,114.7288721,140,296.565063476562,-130,-0.180567607283592,16.1315402984619,0,0.0079046580940485,83.8684463500977,0.231617450714111,76491.34375,1.09226702988963e-05
"141","2020-10_south-west_stereo-BRUVs","IO113",-34.05868897,114.7388721,141,289.653839111328,-111,-0.171091198921204,22.8435096740723,0,-0.148553192615509,77.1564865112305,0.769889950752258,76499.578125,4.34408502769656e-06
"142","2020-10_south-west_stereo-BRUVs","IO115",-34.05368897,114.7363721,142,253.610458374023,-112,-0.171091198921204,22.8435096740723,0,-0.148553192615509,77.1564865112305,0.458864212036133,76493.5859375,4.34408502769656e-06
"143","2020-10_south-west_stereo-BRUVs","IO117",-34.06368897,114.7388721,143,257.735229492188,-112,-0.171091198921204,19.8163604736328,0,-0.148553192615509,80.1836395263672,0.609490811824799,76495.3359375,4.34408502769656e-06
"144","2020-10_south-west_stereo-BRUVs","IO119",-34.07618897,114.9038721,144,101.309928894043,-43,-0.194728195667267,17.1670894622803,0,0.0461677685379982,82.8329086303711,0.132042750716209,76491.0859375,1.10210203274619e-05
"145","2020-10_south-west_stereo-BRUVs","IO122",-34.11618897,114.8263721,145,251.565048217773,-48,-0.194728195667267,22.5274391174316,0,0.0461677685379982,77.4725570678711,0.0818895250558853,76490.828125,1.10210203274619e-05
"146","2020-10_south-west_stereo-BRUVs","IO123",-34.10618897,114.8188721,146,288.434936523438,-49,-0.194728195667267,19.8006496429443,0,0.0461677685379982,80.199348449707,0.0818895250558853,76491.0859375,1.10210203274619e-05
"147","2020-10_south-west_stereo-BRUVs","IO125",-34.10868897,114.8263721,147,296.565063476562,-48,-0.194728195667267,19.8006496429443,0,0.0461677685379982,80.199348449707,0.115809202194214,76490.9609375,1.10210203274619e-05
"148","2020-10_south-west_stereo-BRUVs","IO126",-34.11368897,114.8188721,148,239.036239624023,-49,-0.194728195667267,19.8006496429443,0,0.0461677685379982,80.199348449707,0.150996580719948,76491.0859375,1.10210203274619e-05
"149","2020-10_south-west_stereo-BRUVs","IO130",-33.98118897,114.8763721,149,135,-41,-0.163164898753166,17.5274696350098,0,0.261637091636658,82.472526550293,0.036622129380703,76490.703125,6.29002579444204e-06
"150","2020-10_south-west_stereo-BRUVs","IO132",-33.99118897,114.8713721,150,-1,-42,-0.163164898753166,15.1281204223633,0,0.261637091636658,84.8718795776367,0,76490.578125,6.29002579444204e-06
"151","2020-10_south-west_stereo-BRUVs","IO133",-33.99118897,114.8663721,151,225,-42,-0.163164898753166,19.2424392700195,0,0.261637091636658,80.7575607299805,0.036622129380703,76490.703125,6.29002579444204e-06
"152","2020-10_south-west_stereo-BRUVs","IO134",-33.98368897,114.8613721,152,180,-41,-0.163164898753166,19.0657691955566,0,0.261637091636658,80.9342269897461,0.103582926094532,76490.828125,6.29002579444204e-06
"153","2020-10_south-west_stereo-BRUVs","IO145",-33.98618897,114.8238721,153,258.690063476562,-44,-0.163164898753166,15.4231996536255,0,0.261637091636658,84.5767974853516,0.132042750716209,76491.2109375,6.29002579444204e-06
"154","2020-10_south-west_stereo-BRUVs","IO146",-33.97618897,114.8213721,154,315,-44,-0.163164898753166,15.4231996536255,0,0.261637091636658,84.5767974853516,0.0732442289590836,76491.0859375,6.29002579444204e-06
"155","2020-10_south-west_stereo-BRUVs","IO147",-33.98118897,114.8313721,155,315,-43,-0.163164898753166,14.3858804702759,0,0.261637091636658,85.6141204833984,0.109866268932819,76490.9609375,6.29002579444204e-06
"156","2020-10_south-west_stereo-BRUVs","IO148",-34.01118897,114.5963721,156,-1,-143,-0.0532787814736366,10.9165096282959,0,-0.317164391279221,89.0834884643555,0,76490.578125,-8.10320125310682e-06
"157","2020-10_south-west_stereo-BRUVs","IO15",-34.06118897,114.8663721,157,225,-41,-0.194728195667267,20.4432201385498,0,0.0461677685379982,79.5567932128906,0.109866268932819,76490.9609375,1.10210203274619e-05
"158","2020-10_south-west_stereo-BRUVs","IO152",-33.98118897,114.8688721,158,-1,-41,-0.163164898753166,17.5274696350098,0,0.261637091636658,82.472526550293,0,76490.578125,6.29002579444204e-06
"159","2020-10_south-west_stereo-BRUVs","IO153",-34.04618897,114.8888721,159,63.4349479675293,-43,-0.194728195667267,20.1231594085693,0,0.0461677685379982,79.876838684082,0.115809202194214,76490.9609375,1.10210203274619e-05
"160","2020-10_south-west_stereo-BRUVs","IO155",-34.04368897,114.8838721,160,135,-42,-0.194728195667267,20.1231594085693,0,0.0461677685379982,79.876838684082,0.036622129380703,76490.703125,1.10210203274619e-05
"161","2020-10_south-west_stereo-BRUVs","IO157",-33.97118897,114.8238721,161,315,-44,-0.163164898753166,19.7984600067139,0,0.261637091636658,80.2015380859375,0.109866268932819,76490.9609375,6.29002579444204e-06
"162","2020-10_south-west_stereo-BRUVs","IO158",-33.98118897,114.8188721,162,341.565063476562,-44,-0.163164898753166,15.4231996536255,0,0.261637091636658,84.5767974853516,0.0818895250558853,76490.828125,6.29002579444204e-06
"163","2020-10_south-west_stereo-BRUVs","IO16",-34.07368897,114.8688721,163,225,-40,-0.194728195667267,20.107889175415,0,0.0461677685379982,79.8921127319336,0.036622129380703,76490.703125,1.10210203274619e-05
"164","2020-10_south-west_stereo-BRUVs","IO164",-34.03368897,114.9038721,164,135,-44,-0.194728195667267,16.2506103515625,0,0.0461677685379982,83.7493896484375,0.109866268932819,76490.9609375,1.10210203274619e-05
"165","2020-10_south-west_stereo-BRUVs","IO165",-34.04368897,114.8988721,165,90,-43,-0.194728195667267,13.863260269165,0,0.0461677685379982,86.1367416381836,0.103582926094532,76490.828125,1.10210203274619e-05
"166","2020-10_south-west_stereo-BRUVs","IO17",-34.06368897,114.8763721,166,45,-40,-0.194728195667267,20.107889175415,0,0.0461677685379982,79.8921127319336,0.109866268932819,76490.9609375,1.10210203274619e-05
"167","2020-10_south-west_stereo-BRUVs","IO180",-33.99618897,114.7038721,167,270,-123,-0.123176999390125,18.1023406982422,0,-0.258635401725769,81.8976593017578,0.258955836296082,76491.84375,-4.52263520855922e-06
"168","2020-10_south-west_stereo-BRUVs","IO184",-34.04118897,114.9038721,168,108.434951782227,-44,-0.194728195667267,13.863260269165,0,0.0461677685379982,86.1367416381836,0.0818895250558853,76490.828125,1.10210203274619e-05
"169","2020-10_south-west_stereo-BRUVs","IO189",-33.98868897,114.6638721,169,333.434936523438,-142,-0.123176999390125,13.2896604537964,0,-0.258635401725769,86.7103271484375,0.115809202194214,76491.2109375,-4.52263520855922e-06
"170","2020-10_south-west_stereo-BRUVs","IO191",-33.99868897,114.6713721,170,300.963745117188,-137,-0.123176999390125,16.0490608215332,0,-0.258635401725769,83.9509429931641,0.150996580719948,76491.0859375,-4.52263520855922e-06
"171","2020-10_south-west_stereo-BRUVs","IO192",-33.98618897,114.6688721,171,276.340179443359,-140,-0.123176999390125,15.8794202804565,0,-0.258635401725769,84.1205825805664,0.234494760632515,76491.5859375,-4.52263520855922e-06
"172","2020-10_south-west_stereo-BRUVs","IO194",-33.99618897,114.6638721,172,303.690063476562,-139,-0.123176999390125,13.2896604537964,0,-0.258635401725769,86.7103271484375,0.186736315488815,76491.2109375,-4.52263520855922e-06
"173","2020-10_south-west_stereo-BRUVs","IO195",-34.09368897,114.8588721,173,-1,-42,-0.194728195667267,14.3131799697876,0,0.0461677685379982,85.6868286132812,0,76490.578125,1.10210203274619e-05
"174","2020-10_south-west_stereo-BRUVs","IO199",-34.08618897,114.8613721,174,-1,-42,-0.194728195667267,16.7158203125,0,0.0461677685379982,83.2841796875,0,76490.578125,1.10210203274619e-05
"175","2020-10_south-west_stereo-BRUVs","IO201",-34.05618897,114.8338721,175,270,-44,-0.194728195667267,15.32190990448,0,0.0461677685379982,84.678092956543,0.103582926094532,76490.828125,1.10210203274619e-05
"176","2020-10_south-west_stereo-BRUVs","IO204",-34.06618897,114.7863721,176,291.801422119141,-60,-0.171091198921204,23.2374000549316,0,-0.148553192615509,76.7626037597656,0.278903663158417,76491.9609375,4.34408502769656e-06
"177","2020-10_south-west_stereo-BRUVs","IO206",-34.06368897,114.7913721,177,266.987213134766,-58,-0.171091198921204,23.2374000549316,0,-0.148553192615509,76.7626037597656,0.49268826842308,76494.4609375,4.34408502769656e-06
"178","2020-10_south-west_stereo-BRUVs","IO207",-34.06118897,114.7863721,178,258.690063476562,-60,-0.171091198921204,25.61549949646,0,-0.148553192615509,74.3844985961914,0.264084100723267,76492.5859375,4.34408502769656e-06
"179","2020-10_south-west_stereo-BRUVs","IO210",-34.09118897,114.8738721,179,225,-42,-0.194728195667267,15.2885904312134,0,0.0461677685379982,84.7114028930664,0.036622129380703,76491.0859375,1.10210203274619e-05
"180","2020-10_south-west_stereo-BRUVs","IO211",-34.05618897,114.9063721,180,66.8014068603516,-43,-0.194728195667267,16.1354007720947,0,0.0461677685379982,83.8645935058594,0.19721545279026,76491.578125,1.10210203274619e-05
"181","2020-10_south-west_stereo-BRUVs","IOC06",-34.048689,114.876372,181,90,-42,-0.194728195667267,14.873330116272,0,0.0461677685379982,85.1266708374023,0.0517915040254593,76490.828125,1.10210203274619e-05
"182","2020-10_south-west_stereo-BRUVs","IO216",-34.06118897,114.9163721,182,108.434951782227,-47,-0.121122501790524,16.1354007720947,0,0.352082490921021,83.8645935058594,0.0818895250558853,76490.828125,1.27720397813391e-06
"183","2020-10_south-west_stereo-BRUVs","IO217",-34.06618897,114.9188721,183,18.4349479675293,-47,-0.121122501790524,27.1821308135986,0,0.352082490921021,72.81787109375,0.0818895250558853,76490.828125,1.27720397813391e-06
"184","2020-10_south-west_stereo-BRUVs","IO218",-34.07368897,114.9213721,184,296.565063476562,-47,-0.121122501790524,27.1821308135986,0,0.352082490921021,72.81787109375,0.115809202194214,76490.9609375,1.27720397813391e-06
"185","2020-10_south-west_stereo-BRUVs","IO220",-34.05618897,114.8438721,185,315,-43,-0.194728195667267,19.0975208282471,0,0.0461677685379982,80.9024810791016,0.036622129380703,76490.703125,1.10210203274619e-05
"186","2020-10_south-west_stereo-BRUVs","IO222",-34.06618897,114.8313721,186,278.130096435547,-45,-0.194728195667267,18.1932506561279,0,0.0461677685379982,81.8067474365234,0.183110043406487,76491.0859375,1.10210203274619e-05
"187","2020-10_south-west_stereo-BRUVs","IO223",-34.07118897,114.8463721,187,270,-43,-0.194728195667267,17.3031005859375,0,0.0461677685379982,82.6968994140625,0.103582926094532,76490.9609375,1.10210203274619e-05
"188","2020-10_south-west_stereo-BRUVs","IO224",-34.06118897,114.8388721,188,296.565063476562,-44,-0.194728195667267,15.32190990448,0,0.0461677685379982,84.678092956543,0.115809202194214,76490.9609375,1.10210203274619e-05
"189","2020-10_south-west_stereo-BRUVs","IO225",-34.07118897,114.8338721,189,270,-45,-0.194728195667267,18.1932506561279,0,0.0461677685379982,81.8067474365234,0.103582926094532,76490.828125,1.10210203274619e-05
"190","2020-10_south-west_stereo-BRUVs","IO226",-34.06368897,114.8438721,190,315,-43,-0.194728195667267,17.3031005859375,0,0.0461677685379982,82.6968994140625,0.036622129380703,76490.703125,1.10210203274619e-05
"191","2020-10_south-west_stereo-BRUVs","IO227",-33.99868897,114.7838721,191,270,-54,-0.188396707177162,21.1479091644287,0,-0.103390000760555,78.8520889282227,0.15537416934967,76491.5859375,6.97604718880029e-06
"192","2020-10_south-west_stereo-BRUVs","IO228",-34.00368897,114.7938721,192,315,-51,-0.188396707177162,23.8351593017578,0,-0.103390000760555,76.1648483276367,0.036622129380703,76490.703125,6.97604718880029e-06
"193","2020-10_south-west_stereo-BRUVs","IO229",-33.99368897,114.7863721,193,281.309936523438,-53,-0.188396707177162,21.1479091644287,0,-0.103390000760555,78.8520889282227,0.132042750716209,76490.9609375,6.97604718880029e-06
"194","2020-10_south-west_stereo-BRUVs","IO235",-34.06618897,114.9138721,194,90,-47,-0.121122501790524,24.216480255127,0.389372497797012,0.352082490921021,75.3941497802734,0.207165166735649,76491.578125,1.27720397813391e-06
"195","2020-10_south-west_stereo-BRUVs","IO236",-34.08118897,114.9238721,195,315,-45,-0.121122501790524,15.5102396011353,0,0.352082490921021,84.4897613525391,0.146488219499588,76491.0859375,1.27720397813391e-06
"196","2020-10_south-west_stereo-BRUVs","IO237",-34.08118897,114.9363721,196,243.434951782227,-39,-0.121122501790524,24.9864292144775,9.09480571746826,0.352082490921021,65.9187698364258,0.231617450714111,76491.7109375,1.27720397813391e-06
"197","2020-10_south-west_stereo-BRUVs","IO239",-34.09118897,114.9313721,197,270,-44,-0.121122501790524,24.8577194213867,0,0.352082490921021,75.1422882080078,0.258955836296082,76491.5859375,1.27720397813391e-06
"198","2020-10_south-west_stereo-BRUVs","IO241",-33.99368897,114.7913721,198,303.690063476562,-52,-0.188396707177162,21.1479091644287,0,-0.103390000760555,78.8520889282227,0.186736315488815,76491.2109375,6.97604718880029e-06
"199","2020-10_south-west_stereo-BRUVs","IO244",-34.00368897,114.9063721,199,71.5650482177734,-45,-0.163164898753166,23.608980178833,0,0.261637091636658,76.3910064697266,0.0818895250558853,76490.828125,6.29002579444204e-06
"200","2020-10_south-west_stereo-BRUVs","IO245",-34.00868897,114.9013721,200,135,-44,-0.163164898753166,17.1088409423828,0,0.261637091636658,82.8911590576172,0.036622129380703,76490.703125,6.29002579444204e-06
"201","2020-10_south-west_stereo-BRUVs","IO253",-34.01368897,114.7038721,201,315,-126,-0.123176999390125,17.5926208496094,0,-0.258635401725769,82.4073791503906,0.329595565795898,76492.2109375,-4.52263520855922e-06
"202","2020-10_south-west_stereo-BRUVs","IO254",-34.01868897,114.6963721,202,298.300750732422,-129,-0.123176999390125,16.5197906494141,0,-0.258635401725769,83.4802169799805,0.382340639829636,76492.96875,-4.52263520855922e-06
"203","2020-10_south-west_stereo-BRUVs","IO258",-33.96618897,114.9138721,203,225,-46,-0.0945377200841904,14.915340423584,0.534957408905029,0.328216999769211,84.5497131347656,0.036622129380703,76490.703125,7.93253889241896e-07
"204","2020-10_south-west_stereo-BRUVs","IO259",-33.96868897,114.9213721,204,180,-46,-0.0945377200841904,17.8971405029297,1.47690999507904,0.328216999769211,80.6259536743164,0.0517915040254593,76490.828125,7.93253889241896e-07
"205","2020-10_south-west_stereo-BRUVs","IO260",-33.97118897,114.9163721,205,90,-46,-0.0945377200841904,14.915340423584,0.534957408905029,0.328216999769211,84.5497131347656,0.0517915040254593,76490.828125,7.93253889241896e-07
"206","2020-10_south-west_stereo-BRUVs","IO261",-33.97618897,114.9213721,206,45,-46,-0.0945377200841904,16.563570022583,0,0.328216999769211,83.4364166259766,0.036622129380703,76490.703125,7.93253889241896e-07
"207","2020-10_south-west_stereo-BRUVs","IO262",-34.01368897,114.8738721,207,18.4349479675293,-42,-0.163164898753166,18.206470489502,0,0.261637091636658,81.7935333251953,0.0818895250558853,76490.828125,6.29002579444204e-06
"208","2020-10_south-west_stereo-BRUVs","IO263",-34.00868897,114.8788721,208,108.434951782227,-41,-0.163164898753166,18.6135501861572,0,0.261637091636658,81.3864517211914,0.0818895250558853,76490.9609375,6.29002579444204e-06
"209","2020-10_south-west_stereo-BRUVs","IO264",-34.01868897,114.8738721,209,90,-41,-0.163164898753166,18.206470489502,0,0.261637091636658,81.7935333251953,0.103582926094532,76490.828125,6.29002579444204e-06
"210","2020-10_south-west_stereo-BRUVs","IO266",-34.02118897,114.7588721,210,256.328704833984,-72,-0.188396707177162,22.0758304595947,0,-0.103390000760555,77.9241561889648,0.985983788967133,76504.328125,6.97604718880029e-06
"211","2020-10_south-west_stereo-BRUVs","IO267",-34.02618897,114.7638721,211,68.6293792724609,-88,-0.188396707177162,20.7159805297852,0,-0.103390000760555,79.2840194702148,0.639551520347595,76561.8046875,6.97604718880029e-06
"212","2020-10_south-west_stereo-BRUVs","IO269",-33.98868897,114.8138721,212,240.945388793945,-47,-0.163164898753166,29.064380645752,0,0.261637091636658,70.9356231689453,0.266611248254776,76491.7109375,6.29002579444204e-06
"213","2020-10_south-west_stereo-BRUVs","IO272",-34.00868897,114.8138721,213,234.462326049805,-49,-0.163164898753166,17.823450088501,0,0.261637091636658,82.1765518188477,0.445518523454666,76493.5859375,6.29002579444204e-06
"214","2020-10_south-west_stereo-BRUVs","IO273",-33.99868897,114.8213721,214,246.801406860352,-43,-0.163164898753166,28.6145000457764,0,0.261637091636658,71.385498046875,0.19721545279026,76492.0859375,6.29002579444204e-06
"215","2020-10_south-west_stereo-BRUVs","IO275",-34.09868897,114.6463721,215,315,-141,-0.0903219729661942,11.7930002212524,0,-0.291591614484787,88.2070007324219,0.036622129380703,76490.703125,-6.55778512737015e-06
"216","2020-10_south-west_stereo-BRUVs","IO276",-34.10118897,114.6363721,216,251.565048217773,-142,-0.0903219729661942,12.6931800842285,0,-0.291591614484787,87.3068237304688,0.0818895250558853,76490.828125,-6.55778512737015e-06
"217","2020-10_south-west_stereo-BRUVs","IO277",-34.10618897,114.6463721,217,270,-141,-0.0903219729661942,12.9288301467896,0,-0.291591614484787,87.0711669921875,0.103582926094532,76491.0859375,-6.55778512737015e-06
"218","2020-10_south-west_stereo-BRUVs","IO278",-34.11118897,114.6388721,218,18.4349479675293,-141,-0.0903219729661942,13.12672996521,0,-0.291591614484787,86.8732681274414,0.0818895250558853,76490.828125,-6.55778512737015e-06
"219","2020-10_south-west_stereo-BRUVs","IO280",-34.08868897,114.6738721,219,180,-139,-0.0903219729661942,13.7368202209473,0,-0.291591614484787,86.26318359375,0.0517915040254593,76490.828125,-6.55778512737015e-06
"220","2020-10_south-west_stereo-BRUVs","IO290",-34.06868897,114.7188721,220,264.805572509766,-124,-0.171091198921204,14.8106603622437,0,-0.148553192615509,85.189338684082,0.286025643348694,76492.21875,4.34408502769656e-06
"221","2020-10_south-west_stereo-BRUVs","IO291",-34.08368897,114.7488721,221,266.185913085938,-111,-0.171091198921204,20.7349395751953,0,-0.148553192615509,79.2650604248047,0.778549313545227,76499.8359375,4.34408502769656e-06
"222","2020-10_south-west_stereo-BRUVs","IO293",-34.08868897,114.7588721,222,276.8427734375,-98,-0.171091198921204,20.9783096313477,0.66246110200882,-0.148553192615509,78.3592300415039,0.652010440826416,76498.7109375,4.34408502769656e-06
"223","2020-10_south-west_stereo-BRUVs","IO294",-34.08368897,114.7538721,223,270,-103,-0.171091198921204,20.3448295593262,0,-0.148553192615509,79.6551666259766,0.776825189590454,76499.3359375,4.34408502769656e-06
"224","2020-10_south-west_stereo-BRUVs","IO295",-34.10368897,114.7538721,224,279.782409667969,-110,-0.171091198921204,21.007080078125,0,-0.148553192615509,78.9929122924805,0.762012302875519,76499.328125,4.34408502769656e-06
"225","2020-10_south-west_stereo-BRUVs","IO297",-34.10618897,114.7488721,225,281.309936523438,-114,-0.171091198921204,20.6443901062012,0,-0.148553192615509,79.3556137084961,0.528156995773315,76495.0859375,4.34408502769656e-06
"226","2020-10_south-west_stereo-BRUVs","IO298",-34.07618897,114.6713721,226,225,-139,-0.0903219729661942,13.5399198532104,0,-0.291591614484787,86.4600830078125,0.036622129380703,76490.703125,-6.55778512737015e-06
"227","2020-10_south-west_stereo-BRUVs","IO299",-34.08118897,114.6763721,227,-1,-138,-0.0903219729661942,13.5399198532104,0,-0.291591614484787,86.4600830078125,0,76490.578125,-6.55778512737015e-06
"228","2020-10_south-west_stereo-BRUVs","IO3",-34.07618897,114.7838721,228,291.801422119141,-61,-0.171091198921204,20.9190998077393,0,-0.148553192615509,79.0809020996094,0.278903663158417,76491.8359375,4.34408502769656e-06
"229","2020-10_south-west_stereo-BRUVs","IO300",-34.08618897,114.6688721,229,270,-139,-0.0903219729661942,13.5399198532104,0,-0.291591614484787,86.4600830078125,0.103582926094532,76490.9609375,-6.55778512737015e-06
"230","2020-10_south-west_stereo-BRUVs","IO302",-34.07118897,114.7238721,230,270,-122,-0.171091198921204,14.8106603622437,0,-0.148553192615509,85.189338684082,0.258955836296082,76492.34375,4.34408502769656e-06
"231","2020-10_south-west_stereo-BRUVs","IO306",-34.10118897,114.7338721,231,265.601287841797,-121,-0.171091198921204,15.2426204681396,0,-0.148553192615509,84.7573776245117,0.337635487318039,76492.2109375,4.34408502769656e-06
"232","2020-10_south-west_stereo-BRUVs","IO307",-34.11868897,114.7263721,232,270,-127,-0.171091198921204,17.2662105560303,0,-0.148553192615509,82.7337875366211,0.207165166735649,76491.3359375,4.34408502769656e-06
"233","2020-10_south-west_stereo-BRUVs","IO308",-34.11118897,114.7288721,233,293.198577880859,-126,-0.171091198921204,15.8573799133301,0,-0.148553192615509,84.1426162719727,0.19721545279026,76491.34375,4.34408502769656e-06
"234","2020-10_south-west_stereo-BRUVs","IO310",-34.05868897,114.7738721,234,310.914398193359,-64,-0.171091198921204,21.993200302124,0,-0.148553192615509,78.0067977905273,0.51400238275528,76494.4609375,4.34408502769656e-06
"235","2020-10_south-west_stereo-BRUVs","IO311",-34.05618897,114.7688721,235,270,-70,-0.171091198921204,21.993200302124,0,-0.148553192615509,78.0067977905273,0.82860654592514,76500.7109375,4.34408502769656e-06
"236","2020-10_south-west_stereo-BRUVs","IO312",-34.05868897,114.7788721,236,300.963745117188,-61,-0.171091198921204,25.61549949646,0,-0.148553192615509,74.3844985961914,0.452981352806091,76494.3359375,4.34408502769656e-06
"237","2020-10_south-west_stereo-BRUVs","IO313",-34.09618897,114.7563721,237,246.801406860352,-102,-0.171091198921204,20.9783096313477,0.66246110200882,-0.148553192615509,78.3592300415039,0.788815081119537,76498.0859375,4.34408502769656e-06
"238","2020-10_south-west_stereo-BRUVs","IO319",-34.09368897,114.7313721,238,257.00537109375,-122,-0.171091198921204,15.2426204681396,0,-0.148553192615509,84.7573776245117,0.345488339662552,76492.4609375,4.34408502769656e-06
"239","2020-10_south-west_stereo-BRUVs","IO323",-34.03103333,114.6001,239,135,-143,-0.0532787814736366,12.7111501693726,0,-0.317164391279221,87.2888565063477,0.109866268932819,76490.9609375,-8.10320125310682e-06
"240","2020-10_south-west_stereo-BRUVs","IO324",-34.00006,114.639778,240,45,-141,-0.123176999390125,12.7781496047974,0,-0.258635401725769,87.2218627929688,0.109866268932819,76490.9609375,-4.52263520855922e-06
"241","2020-10_south-west_stereo-BRUVs","IO325",-33.991557,114.743378,241,269.060821533203,-84,-0.188396707177162,21.9279193878174,0,-0.103390000760555,78.0720825195312,1.57945334911346,76537.4375,6.97604718880029e-06
"242","2020-10_south-west_stereo-BRUVs","IO326",-34.00425,114.6892833,242,291.801422119141,-131,-0.123176999390125,15.8639802932739,0,-0.258635401725769,84.1360168457031,0.278903663158417,76491.7109375,-4.52263520855922e-06
"243","2020-10_south-west_stereo-BRUVs","IO327",-34.02946667,114.7623833,243,39.9575500488281,-73,-0.188396707177162,20.7159805297852,0,-0.103390000760555,79.2840194702148,1.24979197978973,76523.5703125,6.97604718880029e-06
"244","2020-10_south-west_stereo-BRUVs","IO328",-33.99356667,114.8213667,244,326.309936523438,-44,-0.163164898753166,28.6145000457764,0,0.261637091636658,71.385498046875,0.186736315488815,76493.2109375,6.29002579444204e-06
"245","2020-10_south-west_stereo-BRUVs","IO329",-34.06481667,114.7266333,245,243.434951782227,-119,-0.171091198921204,14.8106603622437,0,-0.148553192615509,85.189338684082,0.463227331638336,76494.4609375,4.34408502769656e-06
"246","2020-10_south-west_stereo-BRUVs","IO330",-34.08833333,114.7545,246,279.462310791016,-106,-0.171091198921204,20.9783096313477,0.66246110200882,-0.148553192615509,78.3592300415039,0.630045652389526,76496.453125,4.34408502769656e-06
"247","2020-10_south-west_stereo-BRUVs","IO331",-34.0984,114.75005,247,273.814086914062,-113,-0.171091198921204,17.057300567627,0,-0.148553192615509,82.9427032470703,0.778549313545227,76499.3359375,4.34408502769656e-06
"248","2020-10_south-west_stereo-BRUVs","IO332",-34.09718333,114.7344833,248,277.125030517578,-121,-0.171091198921204,15.2426204681396,0,-0.148553192615509,84.7573776245117,0.417549192905426,76493.4609375,4.34408502769656e-06
"249","2020-10_south-west_stereo-BRUVs","IO333",-34.11301667,114.7251333,249,276.340179443359,-127,-0.171091198921204,17.0352096557617,0,-0.148553192615509,82.9647903442383,0.234494760632515,76491.8359375,4.34408502769656e-06
"250","2020-10_south-west_stereo-BRUVs","IO334",-34.06155,114.7753667,250,274.398712158203,-62,-0.171091198921204,21.993200302124,0,-0.148553192615509,78.0067977905273,0.337635487318039,76493.2109375,4.34408502769656e-06
"251","2020-10_south-west_stereo-BRUVs","IO335",-34.06686667,114.7939833,251,284.036254882812,-56,-0.171091198921204,22.1432304382324,0,-0.148553192615509,77.8567733764648,0.427075892686844,76493.9609375,4.34408502769656e-06
"252","2020-10_south-west_stereo-BRUVs","IO336",-34.0924,114.8663667,252,251.565048217773,-42,-0.194728195667267,14.3131799697876,0,0.0461677685379982,85.6868286132812,0.0818895250558853,76490.828125,1.10210203274619e-05
"253","2020-10_south-west_stereo-BRUVs","IO337",-34.00536667,114.8202333,253,251.565048217773,-43,-0.163164898753166,28.8120803833008,0,0.261637091636658,71.1879196166992,0.0818895250558853,76492.078125,6.29002579444204e-06
"254","2020-10_south-west_stereo-BRUVs","IO338",-33.97231667,114.92245,254,135,-47,-0.0945377200841904,17.8971405029297,1.47690999507904,0.328216999769211,80.6259536743164,0.036622129380703,76491.2109375,7.93253889241896e-07
"255","2020-10_south-west_stereo-BRUVs","IO339",-34.01461667,114.8785,255,180,-42,-0.163164898753166,18.206470489502,0,0.261637091636658,81.7935333251953,0.0517915040254593,76490.828125,6.29002579444204e-06
"256","2020-10_south-west_stereo-BRUVs","IO34",-34.06118897,114.8713721,256,90,-40,-0.194728195667267,14.4743404388428,0,0.0461677685379982,85.5256576538086,0.0517915040254593,76490.828125,1.10210203274619e-05
"257","2020-10_south-west_stereo-BRUVs","IO343",-34.10261667,114.6407167,257,243.434951782227,-142,-0.0903219729661942,12.9288301467896,0,-0.291591614484787,87.0711669921875,0.115809202194214,76490.9609375,-6.55778512737015e-06
"258","2020-10_south-west_stereo-BRUVs","IO344",-34.0844,114.6744,258,180,-138,-0.0903219729661942,13.5399198532104,0,-0.291591614484787,86.4600830078125,0.0517915040254593,76490.828125,-6.55778512737015e-06
"259","2020-10_south-west_stereo-BRUVs","IO349",-34.02368897,114.5963721,259,45,-143,-0.0532787814736366,12.4961204528809,0,-0.317164391279221,87.5038833618164,0.109866268932819,76490.9609375,-8.10320125310682e-06
"260","2020-10_south-west_stereo-BRUVs","IO350",-34.02618897,114.6038721,260,296.565063476562,-142,-0.0532787814736366,12.8110704421997,0,-0.317164391279221,87.1889266967773,0.115809202194214,76490.9609375,-8.10320125310682e-06
"261","2020-10_south-west_stereo-BRUVs","IO351",-34.03118897,114.5963721,261,153.434951782227,-142,-0.0532787814736366,12.7111501693726,0,-0.317164391279221,87.2888565063477,0.115809202194214,76490.9609375,-8.10320125310682e-06
"262","2020-10_south-west_stereo-BRUVs","IO352",-34.03618897,114.5988721,262,-1,-143,-0.0148006696254015,12.7111501693726,0,-0.30155611038208,87.2888565063477,0,76490.578125,-5.25759105585166e-06
"263","2020-10_south-west_stereo-BRUVs","IO353",-34.05436667,114.8390667,263,270,-44,-0.194728195667267,15.32190990448,0,0.0461677685379982,84.678092956543,0.103582926094532,76490.828125,1.10210203274619e-05
"264","2020-10_south-west_stereo-BRUVs","IO354",-34.06605,114.84,264,251.565048217773,-44,-0.194728195667267,18.1932506561279,0,0.0461677685379982,81.8067474365234,0.0818895250558853,76490.828125,1.10210203274619e-05
"265","2020-10_south-west_stereo-BRUVs","IO355",-34.05473333,114.9111,265,135,-46,-0.121122501790524,16.1354007720947,0,0.352082490921021,83.8645935058594,0.183110043406487,76491.2109375,1.27720397813391e-06
"266","2020-10_south-west_stereo-BRUVs","IO356",-34.06956667,114.9184667,266,45,-47,-0.121122501790524,27.1821308135986,0,0.352082490921021,72.81787109375,0.036622129380703,76490.703125,1.27720397813391e-06
"267","2020-10_south-west_stereo-BRUVs","IO357",-34.08496667,114.928,267,270,-44,-0.121122501790524,15.5102396011353,0,0.352082490921021,84.4897613525391,0.207165166735649,76491.578125,1.27720397813391e-06
"268","2020-10_south-west_stereo-BRUVs","IO36",-34.10368897,114.7188721,268,285.255126953125,-129,-0.171091198921204,17.0352096557617,0,-0.148553192615509,82.9647903442383,0.295254468917847,76491.8359375,4.34408502769656e-06
"269","2020-10_south-west_stereo-BRUVs","IO361",-33.98868897,114.7413721,269,264.610687255859,-89,-0.188396707177162,21.9279193878174,0,-0.103390000760555,78.0720825195312,1.37830328941345,76519.203125,6.97604718880029e-06
"270","2020-10_south-west_stereo-BRUVs","IO363",-33.98618897,114.7513721,270,299.054595947266,-64,-0.188396707177162,21.9861698150635,0,-0.103390000760555,78.0138168334961,0.533210933208466,76495.8359375,6.97604718880029e-06
"271","2020-10_south-west_stereo-BRUVs","IO364",-34.00868897,114.6888721,271,206.565048217773,-132,-0.123176999390125,15.8639802932739,0,-0.258635401725769,84.1360168457031,0.231617450714111,76491.34375,-4.52263520855922e-06
"272","2020-10_south-west_stereo-BRUVs","IO365",-34.02368897,114.7538721,272,287.525573730469,-80,-0.188396707177162,22.0758304595947,0,-0.103390000760555,77.9241561889648,1.03182709217072,76503.7109375,6.97604718880029e-06
"273","2020-10_south-west_stereo-BRUVs","IO369",-34.02868897,114.5913721,273,-1,-142,-0.0532787814736366,12.7111501693726,0,-0.317164391279221,87.2888565063477,0,76490.578125,-8.10320125310682e-06
"274","2020-10_south-west_stereo-BRUVs","IO37",-34.10868897,114.7188721,274,254.744888305664,-131,-0.171091198921204,17.0352096557617,0,-0.148553192615509,82.9647903442383,0.295254468917847,76492.0859375,4.34408502769656e-06
"275","2020-10_south-west_stereo-BRUVs","IO370",-33.99618897,114.6463721,275,0,-141,-0.123176999390125,12.6035003662109,0,-0.258635401725769,87.3965072631836,0.0517915040254593,76490.9609375,-4.52263520855922e-06
"276","2020-10_south-west_stereo-BRUVs","IO372",-34.00618897,114.6438721,276,0,-141,-0.123176999390125,11.5620498657227,0,-0.258635401725769,88.4379501342773,0.0517915040254593,76490.9609375,-4.52263520855922e-06
"277","2020-10_south-west_stereo-BRUVs","IO374",-33.98618897,114.7463721,277,278.426971435547,-73,-0.188396707177162,21.9861698150635,0,-0.103390000760555,78.0138168334961,1.41334664821625,76518.953125,6.97604718880029e-06
"278","2020-10_south-west_stereo-BRUVs","IO377",-34.13868897,114.7588721,278,263.659820556641,-114,-0.180567607283592,19.6545505523682,0.0888505801558495,0.0079046580940485,80.2565994262695,0.468981683254242,76493.7109375,1.09226702988963e-05
"279","2020-10_south-west_stereo-BRUVs","IO378",-33.99368897,114.6388721,279,18.4349479675293,-141,-0.123176999390125,12.727370262146,0,-0.258635401725769,87.2726364135742,0.0818895250558853,76490.9609375,-4.52263520855922e-06
"280","2020-10_south-west_stereo-BRUVs","IO379",-34.08368897,114.6813721,280,270,-138,-0.0903219729661942,15.8612203598022,0,-0.291591614484787,84.1387786865234,0.103582926094532,76490.828125,-6.55778512737015e-06
"281","2020-10_south-west_stereo-BRUVs","IO4",-34.09118897,114.7813721,281,291.037506103516,-64,-0.171091198921204,20.4545001983643,10.1408996582031,-0.148553192615509,69.4045867919922,0.360681414604187,76492.4609375,4.34408502769656e-06
"282","2020-10_south-west_stereo-BRUVs","IO40",-34.10368897,114.7138721,282,251.565048217773,-131,-0.171091198921204,16.5859508514404,0,-0.148553192615509,83.4140472412109,0.245667234063148,76491.4609375,4.34408502769656e-06
"283","2020-10_south-west_stereo-BRUVs","IO46",-34.06868897,114.7113721,283,306.869903564453,-127,-0.171091198921204,16.9377593994141,0,-0.148553192615509,83.0622406005859,0.258955836296082,76492.9609375,4.34408502769656e-06
"284","2020-10_south-west_stereo-BRUVs","IO47",-34.06368897,114.7113721,284,270,-127,-0.171091198921204,16.9377593994141,0,-0.148553192615509,83.0622406005859,0.207165166735649,76492.0859375,4.34408502769656e-06
"285","2020-10_south-west_stereo-BRUVs","IO49",-34.06118897,114.7063721,285,294.443969726562,-128,-0.0903219729661942,16.8195209503174,0,-0.291591614484787,83.1804809570312,0.312896549701691,76492.3359375,-6.55778512737015e-06
"286","2020-10_south-west_stereo-BRUVs","IO5",-34.08868897,114.7763721,286,272.290618896484,-69,-0.171091198921204,20.9386005401611,0,-0.148553192615509,79.061393737793,0.64788407087326,76497.4609375,4.34408502769656e-06
"287","2020-10_south-west_stereo-BRUVs","IO58",-34.13618897,114.7738721,287,281.309936523438,-96,-0.180567607283592,20.0396099090576,0,0.0079046580940485,79.9604034423828,0.924220681190491,76502.5859375,1.09226702988963e-05
"288","2020-10_south-west_stereo-BRUVs","IO59",-34.14118897,114.7663721,288,287.241455078125,-108,-0.180567607283592,21.3598194122314,0,0.0079046580940485,78.6401672363281,0.786261200904846,76499.578125,1.09226702988963e-05
"289","2020-10_south-west_stereo-BRUVs","IO62",-34.13368897,114.7663721,289,252.645980834961,-106,-0.180567607283592,20.0396099090576,0,0.0079046580940485,79.9604034423828,0.86811763048172,76500.7109375,1.09226702988963e-05
"290","2020-10_south-west_stereo-BRUVs","IO64",-34.01368897,114.8963721,290,116.565048217773,-43,-0.163164898753166,16.2122707366943,0.507018506526947,0.261637091636658,83.2807235717773,0.115809202194214,76490.9609375,6.29002579444204e-06
"291","2020-10_south-west_stereo-BRUVs","IO65",-34.01118897,114.8888721,291,-1,-42,-0.163164898753166,14.4531898498535,0,0.261637091636658,85.5468063354492,0,76490.578125,6.29002579444204e-06
"292","2020-10_south-west_stereo-BRUVs","IO66",-34.01618897,114.8813721,292,-1,-42,-0.163164898753166,19.6846008300781,0,0.261637091636658,80.3153991699219,0,76490.578125,6.29002579444204e-06
"293","2020-10_south-west_stereo-BRUVs","IO71",-34.00368897,114.6988721,293,276.340179443359,-127,-0.123176999390125,16.5657005310059,0,-0.258635401725769,83.4343032836914,0.234494760632515,76491.3359375,-4.52263520855922e-06
"294","2020-10_south-west_stereo-BRUVs","IO72",-34.03618897,114.8463721,294,296.565063476562,-43,-0.194728195667267,15.8775997161865,0,0.0461677685379982,84.1224136352539,0.115809202194214,76490.9609375,1.10210203274619e-05
"295","2020-10_south-west_stereo-BRUVs","IO73",-34.02868897,114.8588721,295,-1,-41,-0.163164898753166,14.7492904663086,0,0.261637091636658,85.2507095336914,0,76490.578125,6.29002579444204e-06
"296","2020-10_south-west_stereo-BRUVs","IO74",-34.02868897,114.8513721,296,296.565063476562,-42,-0.163164898753166,15.8775997161865,0,0.261637091636658,84.1224136352539,0.115809202194214,76490.9609375,6.29002579444204e-06
"297","2020-10_south-west_stereo-BRUVs","IO75",-34.03368897,114.8538721,297,270,-42,-0.194728195667267,15.8775997161865,0,0.0461677685379982,84.1224136352539,0.103582926094532,76490.828125,1.10210203274619e-05
"298","2020-10_south-west_stereo-BRUVs","IO80",-34.09368897,114.8888721,298,108.434951782227,-42,-0.194728195667267,15.5119695663452,0,0.0461677685379982,84.4880294799805,0.0818895250558853,76490.9609375,1.10210203274619e-05
"299","2020-10_south-west_stereo-BRUVs","IO81",-34.09868897,114.8913721,299,90,-42,-0.194728195667267,15.5119695663452,0,0.0461677685379982,84.4880294799805,0.103582926094532,76490.828125,1.10210203274619e-05
"300","2020-10_south-west_stereo-BRUVs","IO91",-34.09368897,114.8938721,300,-1,-42,-0.194728195667267,17.3711605072021,0,0.0461677685379982,82.6288375854492,0,76490.578125,1.10210203274619e-05
"301","2020-10_south-west_stereo-BRUVs","IO92",-34.09868897,114.8863721,301,-1,-41,-0.194728195667267,15.5119695663452,0,0.0461677685379982,84.4880294799805,0,76490.578125,1.10210203274619e-05
"302","2020-10_south-west_stereo-BRUVs","IO95",-34.12618897,114.7338721,302,265.601287841797,-126,-0.171091198921204,14.9696102142334,0,-0.148553192615509,85.030403137207,0.337635487318039,76492.71875,4.34408502769656e-06
"303","2020-10_south-west_stereo-BRUVs","IO96",-34.13618897,114.7363721,303,274.398712158203,-126,-0.180567607283592,16.9636096954346,0,0.0079046580940485,83.0363922119141,0.337635487318039,76492.2109375,1.09226702988963e-05
"304","2020-10_south-west_stereo-BRUVs","IO98",-34.13368897,114.7313721,304,237.52880859375,-128,-0.180567607283592,16.9636096954346,0,0.0079046580940485,83.0363922119141,0.337635487318039,76492.09375,1.09226702988963e-05
"305","2020-10_south-west_stereo-BRUVs","IOC04",-34.08755,114.749265,305,285.255126953125,-111,-0.171091198921204,17.057300567627,0,-0.148553192615509,82.9427032470703,0.590493261814117,76496.203125,4.34408502769656e-06
"306","2020-10_south-west_stereo-BRUVs","IOC05",-34.05394,114.899843,306,90,-43,-0.194728195667267,16.4152698516846,0,0.0461677685379982,83.584716796875,0.103582926094532,76490.9609375,1.10210203274619e-05
"307","2020-10_south-west_stereo-BRUVs","IO215",-34.06868897,114.9263721,307,324.462310791016,-46,-0.121122501790524,27.1821308135986,0,0.352082490921021,72.81787109375,0.222762629389763,76492.2109375,1.27720397813391e-06
"308","2020-10_south-west_stereo-BRUVs","IOCP11-1",-33.992845,114.696642,308,274.398712158203,-127,-0.123176999390125,16.9428195953369,0,-0.258635401725769,83.0571823120117,0.337635487318039,76492.078125,-4.52263520855922e-06
"309","2020-10_south-west_stereo-BRUVs","IOCP11-2",-33.974332,114.692773,309,230.710586547852,-128,-0.123176999390125,15.9213495254517,0,-0.258635401725769,84.0786514282227,0.368042826652527,76492.34375,-4.52263520855922e-06
"310","2020-10_south-west_stereo-BRUVs","IOCP2311",-34.01858,114.601465,310,-1,-143,-0.0532787814736366,11.376859664917,0,-0.317164391279221,88.6231384277344,0,76490.578125,-8.10320125310682e-06
"311","2020-10_south-west_stereo-BRUVs","IOREDO344",-34.0844,114.6744,311,180,-138,-0.0903219729661942,13.5399198532104,0,-0.291591614484787,86.4600830078125,0.0517915040254593,76490.828125,-6.55778512737015e-06
"312","2021-03_West-Coast_BOSS","148",-34.0518,114.925,312,270,-47,-0.121122501790524,26.55419921875,0,0.352082490921021,73.44580078125,0.0517915040254593,76490.828125,1.27720397813391e-06
"313","2021-03_West-Coast_BOSS","2",-34.0604,114.924,313,263.659820556641,-47,-0.121122501790524,26.55419921875,0,0.352082490921021,73.44580078125,0.234494760632515,76491.5859375,1.27720397813391e-06
"314","2021-03_West-Coast_BOSS","99",-34.0555,114.916,314,90,-47,-0.121122501790524,16.1354007720947,0,0.352082490921021,83.8645935058594,0.0517915040254593,76490.828125,1.27720397813391e-06
"315","2021-03_West-Coast_BOSS","127",-34.0545,114.91,315,108.434951782227,-45,-0.121122501790524,16.1354007720947,0,0.352082490921021,83.8645935058594,0.163778722286224,76491.3359375,1.27720397813391e-06
"316","2021-03_West-Coast_BOSS","43",-34.0521,114.909,316,135,-44,-0.121122501790524,16.1354007720947,0,0.352082490921021,83.8645935058594,0.183110043406487,76491.2109375,1.27720397813391e-06
"317","2021-03_West-Coast_BOSS","110",-34.0505,114.907,317,146.309936523438,-44,-0.194728195667267,16.1354007720947,0,0.0461677685379982,83.8645935058594,0.186736315488815,76491.2109375,1.10210203274619e-05
"318","2021-03_West-Coast_BOSS","139",-34.0616,114.898,318,0,-43,-0.194728195667267,16.4152698516846,0,0.0461677685379982,83.584716796875,0.103582926094532,76490.828125,1.10210203274619e-05
"319","2021-03_West-Coast_BOSS","133",-34.075,114.911,319,71.5650482177734,-44,-0.121122501790524,23.0004806518555,0,0.352082490921021,76.9995193481445,0.163778722286224,76491.0859375,1.27720397813391e-06
"320","2021-03_West-Coast_BOSS","52",-34.0826,114.915,320,59.0362434387207,-43,-0.121122501790524,23.0004806518555,0,0.352082490921021,76.9995193481445,0.150996580719948,76491.0859375,1.27720397813391e-06
"321","2021-03_West-Coast_BOSS","91",-34.0807,114.928,321,291.037506103516,-43,-0.121122501790524,15.5102396011353,0,0.352082490921021,84.4897613525391,0.360681414604187,76492.8359375,1.27720397813391e-06
"322","2021-03_West-Coast_BOSS","47",-34.0832,114.926,322,285.255126953125,-45,-0.121122501790524,15.5102396011353,0,0.352082490921021,84.4897613525391,0.295254468917847,76492.2109375,1.27720397813391e-06
"323","2021-03_West-Coast_BOSS","16",-34.0848,114.924,323,315,-45,-0.121122501790524,15.5102396011353,0,0.352082490921021,84.4897613525391,0.146488219499588,76491.0859375,1.27720397813391e-06
"324","2021-03_West-Coast_BOSS","38",-34.0904,114.917,324,90,-43,-0.121122501790524,14.4161396026611,0,0.352082490921021,85.5838623046875,0.207165166735649,76491.5859375,1.27720397813391e-06
"325","2021-03_West-Coast_BOSS","71",-34.0923,114.908,325,270,-43,-0.121122501790524,14.4161396026611,0,0.352082490921021,85.5838623046875,0.0517915040254593,76490.828125,1.27720397813391e-06
"326","2021-03_West-Coast_BOSS","14",-34.0979,114.913,326,-1,-43,-0.121122501790524,14.4161396026611,0,0.352082490921021,85.5838623046875,0,76490.578125,1.27720397813391e-06
"327","2021-03_West-Coast_BOSS","150",-34.1,114.917,327,-1,-43,-0.121122501790524,14.4161396026611,0,0.352082490921021,85.5838623046875,0,76490.578125,1.27720397813391e-06
"328","2021-03_West-Coast_BOSS","92",-34.101,114.918,328,90,-43,-0.121122501790524,21.4980201721191,0,0.352082490921021,78.5019836425781,0.103582926094532,76490.828125,1.27720397813391e-06
"329","2021-03_West-Coast_BOSS","28",-34.0995,114.923,329,144.462326049805,-45,-0.121122501790524,21.4980201721191,0,0.352082490921021,78.5019836425781,0.222762629389763,76492.21875,1.27720397813391e-06
"330","2021-03_West-Coast_BOSS","124",-34.1003,114.929,330,278.130096435547,-44,-0.121122501790524,21.4980201721191,0,0.352082490921021,78.5019836425781,0.183110043406487,76491.3359375,1.27720397813391e-06
"331","2021-03_West-Coast_BOSS","53",-34.1047,114.92,331,116.565048217773,-43,-0.121122501790524,15.7422199249268,0,0.352082490921021,84.2577667236328,0.115809202194214,76490.9609375,1.27720397813391e-06
"332","2021-03_West-Coast_BOSS","6",-34.1073,114.918,332,135,-44,-0.121122501790524,15.7422199249268,0,0.352082490921021,84.2577667236328,0.109866268932819,76490.9609375,1.27720397813391e-06
"333","2021-03_West-Coast_BOSS","149",-34.1135,114.931,333,243.434951782227,-44,-0.121122501790524,19.0964698791504,0,0.352082490921021,80.9035263061523,0.115809202194214,76491.3359375,1.27720397813391e-06
"334","2021-03_West-Coast_BOSS","32",-34.1125,114.921,334,-1,-43,-0.121122501790524,15.7422199249268,0,0.352082490921021,84.2577667236328,0,76491.0859375,1.27720397813391e-06
"335","2021-03_West-Coast_BOSS","116",-34.1138,114.919,335,315,-44,-0.121122501790524,15.7422199249268,0,0.352082490921021,84.2577667236328,0.036622129380703,76490.9609375,1.27720397813391e-06
"336","2021-03_West-Coast_BOSS","69",-34.1187,114.911,336,0,-43,-0.121122501790524,26.5323600769043,0,0.352082490921021,73.467643737793,0.0517915040254593,76490.828125,1.27720397813391e-06
"337","2021-03_West-Coast_BOSS","138",-34.119,114.912,337,0,-43,-0.121122501790524,26.5323600769043,0,0.352082490921021,73.467643737793,0.0517915040254593,76490.828125,1.27720397813391e-06
"338","2021-03_West-Coast_BOSS","76",-34.1217,114.916,338,40.6012954711914,-41,-0.121122501790524,26.5323600769043,0,0.352082490921021,73.467643737793,0.477483153343201,76493.953125,1.27720397813391e-06
"339","2021-03_West-Coast_BOSS","144",-34.1221,114.92,339,40.6012954711914,-42,-0.121122501790524,24.1538200378418,0,0.352082490921021,75.8461837768555,0.477483153343201,76493.953125,1.27720397813391e-06
"340","2021-03_West-Coast_BOSS","5",-34.125,114.93,340,29.3577537536621,-41,-0.121122501790524,24.1538200378418,0,0.352082490921021,75.8461837768555,0.950678646564484,76506.578125,1.27720397813391e-06
"341","2021-03_West-Coast_BOSS","107",-34.1347,114.94,341,0,-43,-0.121571347117424,19.4471206665039,0,0.346991240978241,80.5528793334961,0.15537416934967,76491.34375,1.50438791024499e-06
"342","2021-03_West-Coast_BOSS","37",-34.1303,114.931,342,103.240516662598,-40,-0.121122501790524,19.4471206665039,0,0.352082490921021,80.5528793334961,0.904424846172333,76504.578125,1.27720397813391e-06
"343","2021-03_West-Coast_BOSS","102",-34.1305,114.926,343,341.565063476562,-35,-0.121122501790524,24.3665904998779,0.15213580429554,0.352082490921021,75.4812774658203,0.327554762363434,76503.328125,1.27720397813391e-06
"344","2021-03_West-Coast_BOSS","57",-34.1341,114.924,344,240.945388793945,-37,-0.12222982943058,24.3665904998779,0.15213580429554,0.343553692102432,75.4812774658203,0.266611248254776,76492.703125,1.6346647271348e-06
"345","2021-03_West-Coast_BOSS","24",-34.1347,114.923,345,240.945388793945,-37,-0.12222982943058,24.3665904998779,0.15213580429554,0.343553692102432,75.4812774658203,0.266611248254776,76492.703125,1.6346647271348e-06
"346","2021-03_West-Coast_BOSS","70",-34.1321,114.922,346,296.565063476562,-37,-0.121122501790524,24.3665904998779,0.15213580429554,0.352082490921021,75.4812774658203,0.463227331638336,76495.578125,1.27720397813391e-06
"347","2021-03_West-Coast_BOSS","62",-34.1281,114.919,347,310.914398193359,-40,-0.121122501790524,24.3665904998779,0.15213580429554,0.352082490921021,75.4812774658203,0.51400238275528,76499.0859375,1.27720397813391e-06
"348","2021-03_West-Coast_BOSS","104",-34.1255,114.918,348,45,-41,-0.121122501790524,24.1538200378418,0,0.352082490921021,75.8461837768555,0.0732442289590836,76496.5859375,1.27720397813391e-06
"349","2021-03_West-Coast_BOSS","30",-34.1256,114.915,349,278.130096435547,-40,-0.121122501790524,26.5323600769043,0,0.352082490921021,73.467643737793,0.183110043406487,76492.9609375,1.27720397813391e-06
"350","2021-03_West-Coast_BOSS","95",-34.1229,114.91,350,309.289398193359,-42,-0.121122501790524,26.5323600769043,0,0.352082490921021,73.467643737793,0.368042826652527,76492.8359375,1.27720397813391e-06
"351","2021-03_West-Coast_BOSS","106",-34.1313,114.875,351,315,-42,-0.194728195667267,18.0727500915527,0,0.0461677685379982,81.9272537231445,0.036622129380703,76490.703125,1.10210203274619e-05
"352","2021-03_West-Coast_BOSS","39",-34.1301,114.877,352,296.565063476562,-41,-0.194728195667267,18.0727500915527,0,0.0461677685379982,81.9272537231445,0.115809202194214,76490.9609375,1.10210203274619e-05
"353","2021-03_West-Coast_BOSS","140",-34.1163,114.882,353,-1,-41,-0.194728195667267,16.8456802368164,0,0.0461677685379982,83.1543197631836,0,76490.578125,1.10210203274619e-05
"354","2021-03_West-Coast_BOSS","10",-34.1084,114.886,354,135,-41,-0.194728195667267,18.0905704498291,0,0.0461677685379982,81.9094161987305,0.109866268932819,76490.9609375,1.10210203274619e-05
"355","2021-03_West-Coast_BOSS","147",-34.0908,114.895,355,180,-42,-0.194728195667267,17.3711605072021,0,0.0461677685379982,82.6288375854492,0.103582926094532,76490.828125,1.10210203274619e-05
"356","2021-03_West-Coast_BOSS","23",-34.0829,114.899,356,-1,-42,-0.194728195667267,17.1670894622803,0,0.0461677685379982,82.8329086303711,0,76490.578125,1.10210203274619e-05
"357","2021-03_West-Coast_BOSS","Old Point",-34.050194,114.869122,357,45,-40,-0.194728195667267,14.4743404388428,0,0.0461677685379982,85.5256576538086,0.109866268932819,76490.9609375,1.10210203274619e-05
"358","2021-03_West-Coast_BOSS","41",-34.0596,114.877,358,90,-41,-0.194728195667267,14.4743404388428,0,0.0461677685379982,85.5256576538086,0.0517915040254593,76490.828125,1.10210203274619e-05
"359","2021-03_West-Coast_BOSS","33",-34.0742,114.871,359,-1,-40,-0.194728195667267,20.107889175415,0,0.0461677685379982,79.8921127319336,0,76490.578125,1.10210203274619e-05
"360","2021-03_West-Coast_BOSS","86",-34.0774,114.865,360,251.565048217773,-41,-0.194728195667267,16.7158203125,0,0.0461677685379982,83.2841796875,0.0818895250558853,76490.9609375,1.10210203274619e-05
"361","2021-03_West-Coast_BOSS","56",-34.0782,114.873,361,206.565048217773,-40,-0.194728195667267,15.2913799285889,0,0.0461677685379982,84.7086181640625,0.115809202194214,76490.9609375,1.10210203274619e-05
"362","2021-03_West-Coast_BOSS","65",-34.0813,114.884,362,-1,-41,-0.194728195667267,15.9087400436401,0,0.0461677685379982,84.0912628173828,0,76490.578125,1.10210203274619e-05
"363","2021-03_West-Coast_BOSS","137",-34.0854,114.877,363,-1,-41,-0.194728195667267,15.2913799285889,0,0.0461677685379982,84.7086181640625,0,76490.578125,1.10210203274619e-05
"364","2021-03_West-Coast_BOSS","48",-34.0891,114.882,364,-1,-41,-0.194728195667267,15.5119695663452,0,0.0461677685379982,84.4880294799805,0,76490.578125,1.10210203274619e-05
"365","2021-03_West-Coast_BOSS","67",-34.0899,114.873,365,180,-41,-0.194728195667267,15.2885904312134,0,0.0461677685379982,84.7114028930664,0.103582926094532,76490.828125,1.10210203274619e-05
"366","2021-03_West-Coast_BOSS","126",-34.0912,114.87,366,198.434951782227,-42,-0.194728195667267,15.2885904312134,0,0.0461677685379982,84.7114028930664,0.0818895250558853,76490.828125,1.10210203274619e-05
"367","2021-03_West-Coast_BOSS","44",-34.0931,114.858,367,-1,-42,-0.194728195667267,14.3131799697876,0,0.0461677685379982,85.6868286132812,0,76490.578125,1.10210203274619e-05
"368","2021-03_West-Coast_BOSS","35",-34.0959,114.852,368,270,-42,-0.194728195667267,18.4016399383545,0,0.0461677685379982,81.5983734130859,0.103582926094532,76490.828125,1.10210203274619e-05
"369","2021-03_West-Coast_BOSS","100",-34.0961,114.847,369,270,-43,-0.194728195667267,18.4016399383545,0,0.0461677685379982,81.5983734130859,0.103582926094532,76490.828125,1.10210203274619e-05
"370","2021-03_West-Coast_BOSS","7",-34.0995,114.853,370,225,-42,-0.194728195667267,18.4016399383545,0,0.0461677685379982,81.5983734130859,0.109866268932819,76490.9609375,1.10210203274619e-05
"371","2021-03_West-Coast_BOSS","108",-34.1001,114.85,371,270,-43,-0.194728195667267,18.4016399383545,0,0.0461677685379982,81.5983734130859,0.103582926094532,76490.828125,1.10210203274619e-05
"372","2021-03_West-Coast_BOSS","26",-34.1003,114.844,372,270,-44,-0.194728195667267,18.4016399383545,0,0.0461677685379982,81.5983734130859,0.15537416934967,76491.0859375,1.10210203274619e-05
"373","2021-03_West-Coast_BOSS","125",-34.104,114.847,373,270,-44,-0.194728195667267,16.647029876709,0,0.0461677685379982,83.3529663085938,0.103582926094532,76490.9609375,1.10210203274619e-05
"374","2021-03_West-Coast_BOSS","98",-34.1139,114.856,374,-1,-43,-0.194728195667267,15.7406997680664,0,0.0461677685379982,84.2593002319336,0,76490.578125,1.10210203274619e-05
"375","2021-03_West-Coast_BOSS","1",-34.1318,114.853,375,239.036239624023,-44,-0.194728195667267,13.6982498168945,2.16605401039124,0.0461677685379982,84.1356964111328,0.150996580719948,76491.0859375,1.10210203274619e-05
"376","2021-03_West-Coast_BOSS","83",-34.1341,114.838,376,270,-47,-0.152073994278908,18.9878597259521,0,0.148046806454659,81.0121383666992,0.103582926094532,76490.828125,1.354863979941e-05
"377","2021-03_West-Coast_BOSS","88",-34.1351,114.827,377,270,-49,-0.152073994278908,23.5088806152344,0,0.148046806454659,76.4911193847656,0.103582926094532,76491.0859375,1.354863979941e-05
"378","2021-03_West-Coast_BOSS","36",-34.1317,114.822,378,251.565048217773,-50,-0.194728195667267,23.5088806152344,0,0.0461677685379982,76.4911193847656,0.163778722286224,76491.3359375,1.10210203274619e-05
"379","2021-03_West-Coast_BOSS","130",-34.1213,114.83,379,296.565063476562,-48,-0.194728195667267,22.5274391174316,0,0.0461677685379982,77.4725570678711,0.115809202194214,76490.9609375,1.10210203274619e-05
"380","2021-03_West-Coast_BOSS","46",-34.119,114.831,380,270,-47,-0.194728195667267,19.0941104888916,0,0.0461677685379982,80.905891418457,0.103582926094532,76490.9609375,1.10210203274619e-05
"381","2021-03_West-Coast_BOSS","93",-34.1196,114.845,381,243.434951782227,-45,-0.194728195667267,16.3683395385742,0.157697394490242,0.0461677685379982,83.4739608764648,0.115809202194214,76490.9609375,1.10210203274619e-05
"382","2021-03_West-Coast_BOSS","78",-34.1182,114.841,382,243.434951782227,-45,-0.194728195667267,19.0941104888916,0,0.0461677685379982,80.905891418457,0.115809202194214,76490.9609375,1.10210203274619e-05
"383","2021-03_West-Coast_BOSS","50",-34.1143,114.842,383,281.309936523438,-45,-0.194728195667267,18.195499420166,0,0.0461677685379982,81.8044967651367,0.132042750716209,76491.0859375,1.10210203274619e-05
"384","2021-03_West-Coast_BOSS","80",-34.1034,114.832,384,243.434951782227,-46,-0.194728195667267,18.195499420166,0,0.0461677685379982,81.8044967651367,0.115809202194214,76490.9609375,1.10210203274619e-05
"385","2021-03_West-Coast_BOSS","114",-34.0969,114.834,385,270,-46,-0.194728195667267,19.4204902648926,0,0.0461677685379982,80.5795135498047,0.103582926094532,76491.0859375,1.10210203274619e-05
"386","2021-03_West-Coast_BOSS","64",-34.0937,114.84,386,296.565063476562,-45,-0.194728195667267,19.4204902648926,0,0.0461677685379982,80.5795135498047,0.115809202194214,76490.9609375,1.10210203274619e-05
"387","2021-03_West-Coast_BOSS","136",-34.0891,114.833,387,296.565063476562,-45,-0.194728195667267,19.4204902648926,0,0.0461677685379982,80.5795135498047,0.115809202194214,76490.9609375,1.10210203274619e-05
"388","2021-03_West-Coast_BOSS","97",-34.0872,114.842,388,270,-44,-0.194728195667267,24.0931797027588,0,0.0461677685379982,75.9068222045898,0.103582926094532,76490.828125,1.10210203274619e-05
"389","2021-03_West-Coast_BOSS","121",-34.0836,114.853,389,-1,-42,-0.194728195667267,13.4325504302979,0,0.0461677685379982,86.5674362182617,0,76490.578125,1.10210203274619e-05
"390","2021-03_West-Coast_BOSS","3",-34.0789,114.851,390,296.565063476562,-42,-0.194728195667267,13.4325504302979,0,0.0461677685379982,86.5674362182617,0.115809202194214,76490.9609375,1.10210203274619e-05
"391","2021-03_West-Coast_BOSS","73",-34.0802,114.848,391,270,-43,-0.194728195667267,13.4325504302979,0,0.0461677685379982,86.5674362182617,0.103582926094532,76490.828125,1.10210203274619e-05
"392","2021-03_West-Coast_BOSS","118",-34.0714,114.826,392,315,-46,-0.194728195667267,24.3724994659424,0,0.0461677685379982,75.6275024414062,0.109866268932819,76490.9609375,1.10210203274619e-05
"393","2021-03_West-Coast_BOSS","128",-34.0694,114.823,393,296.565063476562,-47,-0.194728195667267,24.3724994659424,0,0.0461677685379982,75.6275024414062,0.115809202194214,76490.9609375,1.10210203274619e-05
"394","2021-03_West-Coast_BOSS","60",-34.0652,114.821,394,296.565063476562,-47,-0.194728195667267,24.3724994659424,0,0.0461677685379982,75.6275024414062,0.115809202194214,76490.9609375,1.10210203274619e-05
"395","2021-03_West-Coast_BOSS","134",-34.0631,114.857,395,288.434936523438,-41,-0.194728195667267,18.7508602142334,0,0.0461677685379982,81.249153137207,0.0818895250558853,76490.828125,1.10210203274619e-05
"396","2021-03_West-Coast_BOSS","120",-34.0617,114.861,396,225,-41,-0.194728195667267,20.4432201385498,0,0.0461677685379982,79.5567932128906,0.036622129380703,76490.703125,1.10210203274619e-05
"397","2021-03_West-Coast_BOSS","8",-34.0554,114.851,397,281.309936523438,-42,-0.194728195667267,19.0975208282471,0,0.0461677685379982,80.9024810791016,0.132042750716209,76490.9609375,1.10210203274619e-05
"398","2021-03_West-Coast_BOSS","68",-34.05,114.859,398,315,-41,-0.194728195667267,20.4432201385498,0,0.0461677685379982,79.5567932128906,0.036622129380703,76490.703125,1.10210203274619e-05
"399","2021-03_West-Coast_BOSS","117",-34.0681,114.76,399,264.805572509766,-89,-0.171091198921204,21.7334804534912,0,-0.148553192615509,78.2665328979492,0.572037041187286,76497.078125,4.34408502769656e-06
"400","2021-03_West-Coast_BOSS","17",-34.0742,114.757,400,261.869903564453,-95,-0.171091198921204,21.7334804534912,0,-0.148553192615509,78.2665328979492,0.732402801513672,76498.5859375,4.34408502769656e-06
"401","2021-03_West-Coast_BOSS","40",-34.0784,114.754,401,262.874969482422,-100,-0.171091198921204,20.3448295593262,0,-0.148553192615509,79.6551666259766,0.835054039955139,76500.0859375,4.34408502769656e-06
"402","2021-03_West-Coast_BOSS","72",-34.0685,114.747,402,263.659820556641,-106,-0.171091198921204,21.8629398345947,0,-0.148553192615509,78.1370620727539,0.703452885150909,76497.0859375,4.34408502769656e-06
"403","2021-03_West-Coast_BOSS","109",-34.0839,114.741,403,225,-115,-0.171091198921204,20.7349395751953,0,-0.148553192615509,79.2650604248047,0.43945699930191,76493.3359375,4.34408502769656e-06
"404","2021-03_West-Coast_BOSS","145",-34.0891,114.732,404,291.801422119141,-121,-0.171091198921204,15.2426204681396,0,-0.148553192615509,84.7573776245117,0.278903663158417,76491.8359375,4.34408502769656e-06
"405","2021-03_West-Coast_BOSS","S1",-34.10277,114.639918,405,225,-142,-0.0903219729661942,13.12672996521,0,-0.291591614484787,86.8732681274414,0.036622129380703,76490.703125,-6.55778512737015e-06
"406","2021-03_West-Coast_BOSS","S2",-34.10284,114.640335,406,243.434951782227,-142,-0.0903219729661942,12.9288301467896,0,-0.291591614484787,87.0711669921875,0.115809202194214,76490.9609375,-6.55778512737015e-06
"407","2021-03_West-Coast_BOSS","S3",-34.102738,114.640238,407,243.434951782227,-142,-0.0903219729661942,12.9288301467896,0,-0.291591614484787,87.0711669921875,0.115809202194214,76490.9609375,-6.55778512737015e-06
"408","2021-03_West-Coast_BOSS","90",-34.1003,114.731,408,266.633544921875,-123,-0.171091198921204,15.2426204681396,0,-0.148553192615509,84.7573776245117,0.440980195999146,76493.203125,4.34408502769656e-06
"409","2021-03_West-Coast_BOSS","22",-34.1033,114.745,409,258.690063476562,-117,-0.171091198921204,20.6443901062012,0,-0.148553192615509,79.3556137084961,0.264084100723267,76491.7109375,4.34408502769656e-06
"410","2021-03_West-Coast_BOSS","77",-34.0979,114.75,410,273.814086914062,-113,-0.171091198921204,17.057300567627,0,-0.148553192615509,82.9427032470703,0.778549313545227,76499.3359375,4.34408502769656e-06
"411","2021-03_West-Coast_BOSS","82",-34.0964,114.759,411,254.744888305664,-98,-0.171091198921204,20.9783096313477,0.66246110200882,-0.148553192615509,78.3592300415039,0.885700702667236,76500.9609375,4.34408502769656e-06
"412","2021-03_West-Coast_BOSS","49",-34.103,114.762,412,276.340179443359,-99,-0.171091198921204,21.007080078125,0,-0.148553192615509,78.9929122924805,0.937900543212891,76501.7109375,4.34408502769656e-06
"413","2021-03_West-Coast_BOSS","141",-34.1175,114.762,413,315,-106,-0.171091198921204,20.3325500488281,0,-0.148553192615509,79.6674423217773,0.915475428104401,76503.453125,4.34408502769656e-06
"414","2021-03_West-Coast_BOSS","11",-34.1163,114.775,414,288.434936523438,-88,-0.171091198921204,20.9049701690674,0,-0.148553192615509,79.0950164794922,1.06444203853607,76515.453125,4.34408502769656e-06
"415","2021-03_West-Coast_BOSS","146",-34.1099,114.79,415,235.304840087891,-62,-0.171091198921204,19.9063205718994,0,-0.148553192615509,80.0936737060547,0.409440934658051,76492.7109375,4.34408502769656e-06
"416","2021-03_West-Coast_BOSS","18",-34.1078,114.787,416,287.102722167969,-64,-0.171091198921204,19.9063205718994,0,-0.148553192615509,80.0936737060547,0.704405307769775,76500.7109375,4.34408502769656e-06
"417","2021-03_West-Coast_BOSS","42",-34.106,114.781,417,285.751159667969,-71,-0.171091198921204,19.9063205718994,0,-0.148553192615509,80.0936737060547,1.04922032356262,76508.203125,4.34408502769656e-06
"418","2021-03_West-Coast_BOSS","84",-34.1034,114.78,418,249.304550170898,-75,-0.171091198921204,19.9063205718994,0,-0.148553192615509,80.0936737060547,1.2454948425293,76509.703125,4.34408502769656e-06
"419","2021-03_West-Coast_BOSS","20",-34.1018,114.784,419,252.645980834961,-62,-0.171091198921204,20.4545001983643,10.1408996582031,-0.148553192615509,69.4045867919922,0.86811763048172,76501.453125,4.34408502769656e-06
"420","2021-03_West-Coast_BOSS","55",-34.1011,114.778,420,279.090270996094,-72,-0.171091198921204,20.4545001983643,10.1408996582031,-0.148553192615509,69.4045867919922,1.31102764606476,76522.953125,4.34408502769656e-06
"421","2021-03_West-Coast_BOSS","115",-34.1013,114.774,421,271.169128417969,-83,-0.171091198921204,20.9386005401611,0,-0.148553192615509,79.061393737793,1.26894891262054,76532.9453125,4.34408502769656e-06
"422","2021-03_West-Coast_BOSS","96",-34.0975,114.776,422,272.910827636719,-78,-0.171091198921204,20.9386005401611,0,-0.148553192615509,79.061393737793,1.52946019172668,76535.578125,4.34408502769656e-06
"423","2021-03_West-Coast_BOSS","89",-34.0945,114.775,423,267.797393798828,-72,-0.171091198921204,20.9386005401611,0,-0.148553192615509,79.061393737793,1.34732675552368,76525.828125,4.34408502769656e-06
"424","2021-03_West-Coast_BOSS","131",-34.0906,114.773,424,293.629364013672,-71,-0.171091198921204,20.9386005401611,0,-0.148553192615509,79.061393737793,0.904424846172333,76502.3359375,4.34408502769656e-06
"425","2021-03_West-Coast_BOSS","112",-34.0897,114.779,425,293.198577880859,-66,-0.171091198921204,20.4545001983643,10.1408996582031,-0.148553192615509,69.4045867919922,0.394426226615906,76492.8359375,4.34408502769656e-06
"426","2021-03_West-Coast_BOSS","101",-34.0917,114.782,426,291.037506103516,-64,-0.171091198921204,20.4545001983643,10.1408996582031,-0.148553192615509,69.4045867919922,0.360681414604187,76492.4609375,4.34408502769656e-06
"427","2021-03_West-Coast_BOSS","12",-34.0901,114.783,427,305.537689208984,-63,-0.171091198921204,20.4545001983643,10.1408996582031,-0.148553192615509,69.4045867919922,0.222762629389763,76491.4609375,4.34408502769656e-06
"428","2021-03_West-Coast_BOSS","54",-34.0925,114.789,428,278.130096435547,-61,-0.171091198921204,20.4545001983643,10.1408996582031,-0.148553192615509,69.4045867919922,0.183110043406487,76491.0859375,4.34408502769656e-06
"429","2021-03_West-Coast_BOSS","94",-34.0889,114.787,429,270,-63,-0.171091198921204,20.4545001983643,10.1408996582031,-0.148553192615509,69.4045867919922,0.15537416934967,76491.34375,4.34408502769656e-06
"430","2021-03_West-Coast_BOSS","4",-34.0862,114.785,430,246.801406860352,-63,-0.171091198921204,20.9190998077393,0,-0.148553192615509,79.0809020996094,0.19721545279026,76491.2109375,4.34408502769656e-06
"431","2021-03_West-Coast_BOSS","79",-34.0875,114.783,431,281.309936523438,-63,-0.171091198921204,20.4545001983643,10.1408996582031,-0.148553192615509,69.4045867919922,0.264084100723267,76492.0859375,4.34408502769656e-06
"432","2021-03_West-Coast_BOSS","103",-34.0866,114.774,432,255.579223632812,-71,-0.171091198921204,23.4347305297852,0,-0.148553192615509,76.5652694702148,0.935753881931305,76501.0859375,4.34408502769656e-06
"433","2021-03_West-Coast_BOSS","129",-34.0839,114.772,433,268.830871582031,-74,-0.171091198921204,23.4347305297852,0,-0.148553192615509,76.5652694702148,1.26894891262054,76513.953125,4.34408502769656e-06
"434","2021-03_West-Coast_BOSS","45",-34.0816,114.771,434,265.815093994141,-71,-0.171091198921204,23.4347305297852,0,-0.148553192615509,76.5652694702148,1.06444203853607,76505.0859375,4.34408502769656e-06
"435","2021-03_West-Coast_BOSS","143",-34.0833,114.776,435,257.00537109375,-67,-0.171091198921204,23.4347305297852,0,-0.148553192615509,76.5652694702148,0.690951526165009,76498.3359375,4.34408502769656e-06
"436","2021-03_West-Coast_BOSS","113",-34.0809,114.78,436,237.52880859375,-64,-0.171091198921204,20.9190998077393,0,-0.148553192615509,79.0809020996094,0.337635487318039,76492.2109375,4.34408502769656e-06
"437","2021-03_West-Coast_BOSS","122",-34.0789,114.777,437,320.194427490234,-64,-0.171091198921204,23.4347305297852,0,-0.148553192615509,76.5652694702148,0.404497981071472,76494.578125,4.34408502769656e-06
"438","2021-03_West-Coast_BOSS","27",-34.0521,114.789,438,276.340179443359,-56,-0.171091198921204,25.61549949646,0,-0.148553192615509,74.3844985961914,0.234494760632515,76491.9609375,4.34408502769656e-06
"439","2021-03_West-Coast_BOSS","135",-34.0516,114.77,439,305.537689208984,-66,-0.171091198921204,21.993200302124,0,-0.148553192615509,78.0067977905273,0.445518523454666,76494.7109375,4.34408502769656e-06
"440","2021-03_West-Coast_BOSS","74",-34.0513,114.769,440,305.537689208984,-66,-0.171091198921204,21.993200302124,0,-0.148553192615509,78.0067977905273,0.445518523454666,76494.7109375,4.34408502769656e-06
"441","2021-03_West-Coast_BOSS","105",-34.0534,114.76,441,248.198593139648,-84,-0.171091198921204,20.0433406829834,0,-0.148553192615509,79.956657409668,1.11548244953156,76507.203125,4.34408502769656e-06
"442","2021-03_West-Coast_BOSS","63",-34.056,114.761,442,282.52880859375,-84,-0.171091198921204,20.0433406829834,0,-0.148553192615509,79.956657409668,0.954900026321411,76505.078125,4.34408502769656e-06
"443","2021-03_West-Coast_BOSS","25",-34.0626,114.765,443,253.442932128906,-79,-0.171091198921204,21.7334804534912,0,-0.148553192615509,78.2665328979492,0.999488353729248,76512.703125,4.34408502769656e-06
"444","2021-03_West-Coast_BOSS","59",-34.062,114.766,444,286.389526367188,-72,-0.171091198921204,21.993200302124,0,-0.148553192615509,78.0067977905273,0.917669594287872,76505.453125,4.34408502769656e-06
"445","2021-03_West-Coast_BOSS","123",-34.0614,114.785,445,213.690063476562,-60,-0.171091198921204,25.61549949646,0,-0.148553192615509,74.3844985961914,0.186736315488815,76491.5859375,4.34408502769656e-06
"446","2021-03_West-Coast_BOSS","119",-34.0634,114.771,446,238.495727539062,-67,-0.171091198921204,21.7643604278564,0,-0.148553192615509,78.2356414794922,0.94146740436554,76503.703125,4.34408502769656e-06
"447","2021-03_West-Coast_BOSS","15",-34.0656,114.769,447,251.565048217773,-75,-0.171091198921204,21.7643604278564,0,-0.148553192615509,78.2356414794922,1.14630115032196,76507.828125,4.34408502769656e-06
"448","2021-03_West-Coast_BOSS","85",-34.0701,114.767,448,271.468811035156,-80,-0.171091198921204,21.7643604278564,0,-0.148553192615509,78.2356414794922,1.01016187667847,76503.2109375,4.34408502769656e-06
"449","2021-03_West-Coast_BOSS","81",-34.0726,114.775,449,274.398712158203,-69,-0.171091198921204,21.7643604278564,0,-0.148553192615509,78.2356414794922,0.675247550010681,76500.078125,4.34408502769656e-06
"450","2021-03_West-Coast_BOSS","29",-34.1266,114.784,450,266.987213134766,-72,-0.171091198921204,23.627950668335,0,-0.148553192615509,76.3720626831055,0.985303699970245,76502.5859375,4.34408502769656e-06
"451","2021-03_West-Coast_BOSS","61",-34.1305,114.783,451,252.897277832031,-76,-0.171091198921204,21.3885498046875,0,-0.148553192615509,78.6114501953125,1.4085978269577,76518.828125,4.34408502769656e-06
"452","2021-03_West-Coast_BOSS","21",-34.1285,114.797,452,63.4349479675293,-61,-0.171091198921204,17.4936408996582,0,-0.148553192615509,82.5063629150391,0.115809202194214,76492.5859375,4.34408502769656e-06
"453","2021-03_West-Coast_BOSS","58",-34.1219,114.794,453,315,-61,-0.171091198921204,22.4353103637695,0,-0.148553192615509,77.564697265625,0.036622129380703,76491.5859375,4.34408502769656e-06
"454","2021-03_West-Coast_BOSS","87",-34.1259,114.805,454,279.462310791016,-59,-0.171091198921204,22.4353103637695,0,-0.148553192615509,77.564697265625,0.315032333135605,76491.9609375,4.34408502769656e-06
"455","2021-03_West-Coast_BOSS","132",-34.1162,114.808,455,270,-53,-0.171091198921204,24.6849403381348,0,-0.148553192615509,75.3150634765625,0.621473848819733,76496.578125,4.34408502769656e-06
"456","2021-03_West-Coast_BOSS","9",-34.1175,114.813,456,246.801406860352,-51,-0.194728195667267,24.6849403381348,0,0.0461677685379982,75.3150634765625,0.19721545279026,76491.2109375,1.10210203274619e-05
"457","2021-03_West-Coast_BOSS","111",-34.1035,114.812,457,296.565063476562,-50,-0.194728195667267,16.7613296508789,0,0.0461677685379982,83.2386703491211,0.347423821687698,76492.5859375,1.10210203274619e-05
"458","2021-03_West-Coast_BOSS","142",-34.0971,114.814,458,270,-49,-0.194728195667267,25.5627994537354,0,0.0461677685379982,74.4372024536133,0.103582926094532,76490.828125,1.10210203274619e-05
"459","2021-03_West-Coast_BOSS","66",-34.0855,114.807,459,258.690063476562,-50,-0.171091198921204,18.6388893127441,0,-0.148553192615509,81.3611068725586,0.132042750716209,76491.2109375,4.34408502769656e-06
"460","2021-03_West-Coast_BOSS","34",-34.0829,114.798,460,262.568603515625,-57,-0.171091198921204,24.2695407867432,0,-0.148553192615509,75.73046875,0.60062563419342,76496.078125,4.34408502769656e-06
"461","2021-03_West-Coast_BOSS","19",-34.0802,114.806,461,303.690063476562,-51,-0.171091198921204,18.6388893127441,0,-0.148553192615509,81.3611068725586,0.186736315488815,76491.578125,4.34408502769656e-06
"462","2021-03_West-Coast_BOSS","75",-34.0836,114.816,462,270,-49,-0.194728195667267,18.6388893127441,0,0.0461677685379982,81.3611068725586,0.103582926094532,76490.828125,1.10210203274619e-05
"463","2021-03_West-Coast_BOSS","51",-34.0709,114.814,463,243.434951782227,-49,-0.194728195667267,21.6613998413086,0,0.0461677685379982,78.3386001586914,0.115809202194214,76490.9609375,1.10210203274619e-05
"464","2021-03_West-Coast_BOSS","31",-34.061,114.806,464,18.4349479675293,-50,-0.171091198921204,16.0045890808105,0,-0.148553192615509,83.9954071044922,0.0818895250558853,76490.828125,4.34408502769656e-06
"465","2021-03_West-Coast_BOSS","13",-34.051,114.813,465,225,-49,-0.194728195667267,16.0045890808105,0,0.0461677685379982,83.9954071044922,0.109866268932819,76490.9609375,1.10210203274619e-05
